RSI_저점,RSI_고점,과매도_목표,과열_목표,학습_CAGR,학습_MDD,검증_CAGR,검증_MDD,전체_CAGR,전체_MDD,안정점수
35,70,0.04,0.02,36.65520136936456,-39.922534468787674,38.89569145009756,-39.81712173831904,37.58674555407532,-39.977155626002855,21.898142777032326
35,70,0.035,0.02,36.45074998502753,-40.25871666881974,38.66564137308248,-39.85772083962079,37.37493051239008,-40.25871666881974,21.58498716512139
30,70,0.04,0.02,36.44338589369033,-40.3742450248015,38.540598110394086,-39.92644631907382,37.31722635337866,-40.3742450248015,21.578375859163497
35,70,0.032,0.02,36.36835390444264,-40.271155941349065,38.41387335727006,-39.8588657415351,37.250492793553946,-40.271155941349065,21.557517516480875
30,70,0.035,0.02,36.34830839030434,-40.386628508931125,38.540598110394086,-39.92644631907382,37.25783761941909,-40.386628508931125,21.445687010147036
30,70,0.045,0.02,36.26513492928018,-40.35915402051153,38.54118681573314,-39.90954047157521,37.20414363377145,-40.35915402051153,21.342812861842607
30,70,0.032,0.02,36.131309554836065,-40.38884619456341,38.279541334121916,-39.87573483518818,37.041227443428824,-40.38884619456341,21.243332263988822
25,70,0.032,0.02,36.05950839420345,-40.40117384904512,38.26179855247588,-39.86273304586866,36.966396951732776,-40.40117384904512,21.148295991642307
25,70,0.035,0.02,36.05767402550276,-40.40346145110437,38.26179855247588,-39.86273304586866,36.963012706454265,-40.40346145110437,21.145018933175646
25,70,0.04,0.02,36.05311419791971,-40.40678652993578,38.26179855247588,-39.86273304586866,36.96181339016965,-40.40678652993578,21.13769938834753
35,70,0.04,0.023,36.37108491919719,-39.92077320369549,40.04727384403077,-39.89838546360433,37.85243569676072,-39.97501096504548,21.112148174212017
35,65,0.04,0.025,36.31237580952572,-39.91903668363307,39.97603379696747,-39.842970811420564,37.75187464504816,-39.97623900312578,21.05843267464953
25,70,0.045,0.02,35.86933838253768,-40.404668967436976,38.26179855247588,-39.86273304586866,36.842503982901405,-40.404668967436976,20.890343184456366
35,65,0.035,0.025,36.15233106310788,-40.257775604523985,39.716774696104466,-39.90636464152085,37.56961907608925,-40.257775604523985,20.81455432997568
30,70,0.04,0.023,36.16408905948629,-40.372840669661905,39.72389670409868,-39.85414509574227,37.5860316317214,-40.372840669661905,20.787662149490284
30,65,0.04,0.025,36.14095889327584,-40.379780875619545,39.63099360276749,-39.84095578360832,37.51282160302071,-40.379780875619545,20.78652343848692
35,70,0.035,0.023,36.16902232505922,-40.25703874894897,39.864060754267456,-39.85879384648806,37.64228556452102,-40.25703874894897,20.78579531270419
35,65,0.032,0.025,36.07507572639,-40.27265413715574,39.594062070062506,-39.87056653208991,37.44770514386374,-40.27265413715574,20.748001558100107
35,70,0.032,0.023,36.089982520605304,-40.269918165887375,39.718059292324114,-39.84184126679837,37.519174761041,-40.269918165887375,20.72568429244314
30,65,0.035,0.025,36.04562813503205,-40.387765877202156,39.631574755372924,-39.84052361232268,37.44891231758746,-40.387765877202156,20.654828760891988
30,70,0.035,0.023,36.06615585165159,-40.381539496822725,39.72389670409868,-39.85414509574227,37.5245721445219,-40.381539496822725,20.65240772940715
35,70,0.04,0.025,35.999680350268136,-39.916997565819244,40.03471427398446,-39.89625336063677,37.60402732481555,-39.973832794132356,20.616469328930688
30,70,0.045,0.023,35.984517331089705,-40.358900973744824,39.72374522368821,-39.85457644930936,37.4691922437498,-40.358900973744824,20.55017222786954
30,65,0.045,0.025,35.961278285891694,-40.36662649996345,39.63099360276749,-39.84095578360832,37.39278418466782,-40.36662649996345,20.54855864999796
30,65,0.032,0.025,35.82971741494333,-40.39437368079395,39.31130802952316,-39.89579211520902,37.233441027731516,-40.39437368079395,20.47312991156251
30,70,0.032,0.023,35.848869394828455,-40.39056662617324,39.49756764877941,-39.89127707359229,37.30986258284827,-40.39056662617324,20.435126686784987
25,65,0.035,0.025,35.7564753668897,-40.408280715293884,39.28368597849661,-39.8280027789547,37.15753829889047,-40.408280715293884,20.37905340247443
25,65,0.032,0.025,35.75657929629878,-40.40932576903493,39.28368597849661,-39.8280027789547,37.15736460365838,-40.40932576903493,20.37882793836732
25,65,0.04,0.025,35.75341668508736,-40.40630949895496,39.28368597849661,-39.8280027789547,37.153715299858305,-40.40630949895496,20.375614107759887
25,70,0.032,0.023,35.777768266449044,-40.402793527338766,39.39746189804845,-39.864433144967215,37.229343746390384,-40.402793527338766,20.369897760820688
25,70,0.035,0.023,35.77764041769302,-40.403248645987524,39.39746189804845,-39.864433144967215,37.229315286979556,-40.403248645987524,20.369565873472986
25,70,0.04,0.023,35.77508774687942,-40.40292661902638,39.39746189804845,-39.864433144967215,37.22919650764388,-40.40292661902638,20.36623247731103
35,70,0.035,0.025,35.839092227519615,-40.24993449739605,39.80601319236854,-39.889452608438944,37.41971434976611,-40.24993449739605,20.363192815733875
30,70,0.04,0.025,35.82795777625708,-40.370263513954484,39.71523756452581,-39.85480142822544,37.359828186020025,-40.370263513954484,20.33781762047896
35,75,0.04,0.025,35.88596261229148,-39.91523270363333,40.445305060119665,-39.89236312306572,37.670401021301586,-39.973852529635266,20.31986130927995
35,70,0.032,0.025,35.755006992738544,-40.26624475004397,39.65467902847385,-39.8710547324366,37.291908134835694,-40.26624475004397,20.2969361177158
35,75,0.04,0.027,35.887982021713526,-39.916913409406455,40.7321618046968,-39.89236312306572,37.75799906875869,-39.97567456901374,20.22159940437712
35,65,0.04,0.027,35.887982021713526,-39.916913409406455,40.7321618046968,-39.89236312306572,37.75799906875869,-39.97567456901374,20.22159940437712
35,70,0.04,0.027,35.887982021713526,-39.916913409406455,40.7321618046968,-39.89236312306572,37.75799906875869,-39.97567456901374,20.22159940437712
30,70,0.035,0.025,35.732579125990696,-40.38319271499885,39.71523756452581,-39.85480142822544,37.30043628924065,-40.38319271499885,20.20453122225381
35,75,0.04,0.023,35.74351827161334,-39.91970016948443,40.43684898045839,-39.909022354128524,37.58032595406124,-39.976786678846956,20.12895746419802
25,65,0.045,0.025,35.56854967400946,-40.40961780523226,39.28368597849661,-39.8280027789547,37.03541016801148,-40.40961780523226,20.124885735607673
25,70,0.045,0.023,35.58895725266683,-40.40021830059698,39.39746189804845,-39.864433144967215,37.10991690685938,-40.40021830059698,20.11590422157432
30,70,0.045,0.025,35.650159275766896,-40.35329749453966,39.71409215892544,-39.85607514849411,37.24428266018555,-40.35329749453966,20.104128643572526
35,75,0.04,0.02,35.60448674588034,-39.915124350663255,40.06781847270224,-39.89713632980941,37.35853966486579,-39.97715551265715,20.07202711876053
35,75,0.035,0.025,35.72139951576975,-40.24855570711983,40.23303894349675,-39.90129993502089,37.485686633771735,-40.24855570711983,20.055331218573357
30,75,0.04,0.025,35.71480429462082,-40.367275647139834,40.16180810197426,-39.82703820770247,37.42854701446046,-40.367275647139834,20.029806485548175
35,75,0.032,0.025,35.64338717053431,-40.263193085941104,40.02017384262399,-39.91207520393554,37.3610847232878,-40.263193085941104,20.01939425522354
30,70,0.032,0.025,35.51803237754865,-40.385621447946605,39.44589400504208,-39.907856786932086,37.08465935614663,-40.385621447946605,20.008313301144643
35,75,0.035,0.027,35.72467248559451,-40.249919229200806,40.46340992307856,-39.902580690207614,37.573404252676426,-40.249919229200806,19.978642652254813
35,65,0.035,0.027,35.72467248559451,-40.249919229200806,40.46340992307856,-39.902580690207614,37.573404252676426,-40.249919229200806,19.978642652254813
35,70,0.035,0.027,35.72467248559451,-40.249919229200806,40.46340992307856,-39.902580690207614,37.573404252676426,-40.249919229200806,19.978642652254813
30,65,0.04,0.027,35.7194980863176,-40.36893878330705,40.38700771814061,-39.82703820770247,37.51638966194889,-40.36893878330705,19.956741141022082
30,70,0.04,0.027,35.7194980863176,-40.36893878330705,40.38700771814061,-39.82703820770247,37.51638966194889,-40.36893878330705,19.956741141022082
30,75,0.04,0.027,35.7194980863176,-40.36893878330705,40.38700771814061,-39.82703820770247,37.51638966194889,-40.36893878330705,19.956741141022082
35,70,0.032,0.027,35.64529145841772,-40.26139218300017,40.270151928455135,-39.913570183503744,37.449505427956325,-40.26139218300017,19.93510302985456
35,65,0.032,0.027,35.64529145841772,-40.26139218300017,40.270151928455135,-39.913570183503744,37.449505427956325,-40.26139218300017,19.93510302985456
35,75,0.032,0.027,35.64529145841772,-40.26139218300017,40.270151928455135,-39.913570183503744,37.449505427956325,-40.26139218300017,19.93510302985456
25,70,0.035,0.025,35.445651541035204,-40.40347354916414,39.40710176009787,-39.883703746201626,37.006925057551086,-40.40347354916414,19.91792822215582
25,70,0.032,0.025,35.44553284001947,-40.40352324375055,39.40710176009787,-39.883703746201626,37.00772509705871,-40.40352324375055,19.917750582679336
25,70,0.04,0.025,35.44161938601016,-40.39933600787634,39.40710176009787,-39.883703746201626,37.0049885207234,-40.39933600787634,19.91393295232274
30,75,0.035,0.025,35.61912030637626,-40.374541485326766,40.16180810197426,-39.82703820770247,37.365765744362136,-40.374541485326766,19.898090058052592
35,75,0.035,0.023,35.57981757124807,-40.24655922586846,40.254094436665554,-39.883415492096994,37.39521558648221,-40.24655922586846,19.857524939297996
30,75,0.04,0.023,35.573478869502765,-40.36986371182476,40.16264143796295,-39.82638208569954,37.33766646643923,-40.36986371182476,19.837819671403036
30,75,0.035,0.027,35.623646694033624,-40.37444841742247,40.38700771814061,-39.82703820770247,37.453504179151366,-40.37444841742247,19.825413389498316
30,65,0.035,0.027,35.623646694033624,-40.37444841742247,40.38700771814061,-39.82703820770247,37.453504179151366,-40.37444841742247,19.825413389498316
30,70,0.035,0.027,35.623646694033624,-40.37444841742247,40.38700771814061,-39.82703820770247,37.453504179151366,-40.37444841742247,19.825413389498316
35,75,0.035,0.02,35.44825750434225,-40.25253682197293,39.844673771223,-39.89153267667186,37.179193748399456,-40.25253682197293,19.821123923243466
35,75,0.032,0.023,35.4998285109489,-40.25876727564799,40.08886829282886,-39.89318862660919,37.270976309711756,-40.25876727564799,19.80309604081412
30,75,0.04,0.02,35.435346489911126,-40.36697929144836,39.75987752861465,-39.84890612972912,37.11811145306524,-40.36697929144836,19.793317874357967
30,75,0.045,0.025,35.535159229492365,-40.358133421331544,40.16165877678054,-39.82746943714558,37.31143635173095,-40.358133421331544,19.790537690475464
35,75,0.032,0.02,35.36278008525019,-40.26161809639351,39.64414943346034,-39.917226987116535,37.049202969024435,-40.26161809639351,19.772734479638913
30,70,0.045,0.027,35.53932960333847,-40.35184958617821,40.386859486735716,-39.82746943714558,37.39990076917786,-40.35184958617821,19.719546788987063
30,75,0.045,0.027,35.53932960333847,-40.35184958617821,40.386859486735716,-39.82746943714558,37.39990076917786,-40.35184958617821,19.719546788987063
30,65,0.045,0.027,35.53932960333847,-40.35184958617821,40.386859486735716,-39.82746943714558,37.39990076917786,-40.35184958617821,19.719546788987063
30,75,0.032,0.025,35.40433893683635,-40.38710428254245,39.84023333886512,-39.91047655690875,37.150322891466175,-40.38710428254245,19.716289397236427
30,75,0.035,0.023,35.47840968134523,-40.37888418915199,40.16264143796295,-39.82638208569954,37.277984214239154,-40.37888418915199,19.70631910032583
25,70,0.045,0.025,35.25579074075415,-40.39886929205798,39.40710176009787,-39.883703746201626,36.88510047873302,-40.39886929205798,19.663227631763554
30,75,0.035,0.02,35.33874510738539,-40.37716975913397,39.75987752861465,-39.84890612972912,37.05534522884412,-40.37716975913397,19.659339344258264
25,75,0.032,0.025,35.33183934778819,-40.393140427118766,39.77103417980169,-39.88993122858241,37.075705493821516,-40.393140427118766,19.6405220070919
25,75,0.035,0.025,35.331156867291924,-40.39228409627385,39.77103417980169,-39.88993122858241,37.07487615040216,-40.39228409627385,19.63990037421766
25,75,0.04,0.025,35.327798615681445,-40.39273554330589,39.77103417980169,-39.88993122858241,37.07236866942475,-40.39273554330589,19.6352087280823
30,65,0.032,0.027,35.40505485085052,-40.382231658461464,40.08888807298834,-39.88665508553223,37.237700497292764,-40.382231658461464,19.63193214264077
30,75,0.032,0.027,35.40505485085052,-40.382231658461464,40.08888807298834,-39.88665508553223,37.237700497292764,-40.382231658461464,19.63193214264077
30,70,0.032,0.027,35.40505485085052,-40.382231658461464,40.08888807298834,-39.88665508553223,37.237700497292764,-40.382231658461464,19.63193214264077
30,75,0.045,0.023,35.395181464843176,-40.35508037352552,40.16249211683481,-39.82681330093429,37.22239682327813,-40.35508037352552,19.602344605912172
35,70,0.045,0.02,35.0359331859035,-39.89558654600963,39.32261400075532,-39.82332837105105,36.69411062397356,-39.97315386197644,19.572139609601994
30,75,0.045,0.02,35.254458397143395,-40.35081091624584,39.75972622670966,-39.849337369897206,37.00037357413186,-40.35081091624584,19.554830836109158
25,70,0.035,0.027,35.33404349069406,-40.39835170831939,40.047367434328066,-39.84712528063415,37.16264940007841,-40.39835170831939,19.54495701251037
25,75,0.035,0.027,35.33404349069406,-40.39835170831939,40.047367434328066,-39.84712528063415,37.16264940007841,-40.39835170831939,19.54495701251037
25,65,0.035,0.027,35.33404349069406,-40.39835170831939,40.047367434328066,-39.84712528063415,37.16264940007841,-40.39835170831939,19.54495701251037
25,65,0.032,0.027,35.33419107840524,-40.39916166469018,40.047367434328066,-39.84712528063415,37.16202263113013,-40.39916166469018,19.544872771190686
25,75,0.032,0.027,35.33419107840524,-40.39916166469018,40.047367434328066,-39.84712528063415,37.16202263113013,-40.39916166469018,19.544872771190686
25,70,0.032,0.027,35.33419107840524,-40.39916166469018,40.047367434328066,-39.84712528063415,37.16202263113013,-40.39916166469018,19.544872771190686
25,70,0.04,0.027,35.33144603754039,-40.393570368553064,40.047367434328066,-39.84712528063415,37.160842828058264,-40.393570368553064,19.543123919671128
25,65,0.04,0.027,35.33144603754039,-40.393570368553064,40.047367434328066,-39.84712528063415,37.160842828058264,-40.393570368553064,19.543123919671128
25,75,0.04,0.027,35.33144603754039,-40.393570368553064,40.047367434328066,-39.84712528063415,37.160842828058264,-40.393570368553064,19.543123919671128
30,75,0.032,0.023,35.26458246670586,-40.37641602472639,39.845826186607525,-39.907381940131984,37.06237332094645,-40.37641602472639,19.529401556086043
30,75,0.032,0.02,35.12562263501209,-40.38025497761208,39.52113982749384,-39.89483116306256,36.84032783530998,-40.38025497761208,19.454102375479252
25,75,0.035,0.023,35.18990160072036,-40.39533340388738,39.787057570551156,-39.88290383331279,36.9854371348857,-40.39533340388738,19.442530319919
25,75,0.032,0.023,35.18897993352729,-40.393504612813146,39.787057570551156,-39.88290383331279,36.9854610455493,-40.393504612813146,19.44192614608434
25,75,0.04,0.023,35.18693491892023,-40.39748862652045,39.787057570551156,-39.88290383331279,36.983241231203266,-40.39748862652045,19.437770971567247
25,75,0.045,0.025,35.14182349766932,-40.3996923924946,39.77103417980169,-39.88993122858241,36.95066433072856,-40.3996923924946,19.381707421549883
25,75,0.032,0.02,35.05270225094199,-40.39523206579509,39.43340951278523,-39.88118134483971,36.76524301946242,-40.39523206579509,19.381123486268574
25,75,0.035,0.02,35.05107808358039,-40.39871250495109,39.43340951278523,-39.88118134483971,36.76256288185479,-40.39871250495109,19.377712706625818
25,75,0.04,0.02,35.04857078718405,-40.40192169197048,39.43340951278523,-39.88118134483971,36.76139497440067,-40.40192169197048,19.373204641033965
25,65,0.045,0.027,35.145563326498575,-40.397333242108346,40.047367434328066,-39.84712528063415,37.03846141386853,-40.397333242108346,19.290865254020332
25,75,0.045,0.027,35.145563326498575,-40.397333242108346,40.047367434328066,-39.84712528063415,37.03846141386853,-40.397333242108346,19.290865254020332
25,70,0.045,0.027,35.145563326498575,-40.397333242108346,40.047367434328066,-39.84712528063415,37.03846141386853,-40.397333242108346,19.290865254020332
25,75,0.045,0.023,35.001784505954646,-40.39493952016483,39.787057570551156,-39.88290383331279,36.863001616150456,-40.39493952016483,19.188710101288176
25,75,0.045,0.02,34.865229274375366,-40.399835434344524,39.43340951278523,-39.88118134483971,36.64313386952509,-40.399835434344524,19.12642378891133
35,65,0.04,0.023,35.2824210285749,-40.940334301417366,41.48921896795488,-39.90852052905329,37.622486186988624,-40.940334301417366,18.78092474429583
35,70,0.045,0.023,34.75945095221897,-39.89068703823685,40.598120034543825,-39.89007220914302,36.95908370006248,-39.97674413194138,18.754176310022373
35,65,0.045,0.025,34.700455705648324,-39.901367883193494,40.379690419301994,-39.87437657356644,36.86059789841667,-39.976557448155134,18.747244796751815
35,65,0.04,0.02,34.86032000145681,-40.9457608272663,40.08146329190612,-39.832571553487014,36.8118832763098,-40.9457608272663,18.70190356025635
30,65,0.04,0.023,35.146676894752744,-41.220879173534605,41.08941717496478,-39.87713791570319,37.40168451845486,-41.220879173534605,18.63941008594142
35,65,0.035,0.023,35.15845770277977,-41.099567618396705,41.256233428392875,-39.894776499534636,37.464394839813906,-41.099567618396705,18.63938753237634
35,65,0.032,0.023,35.077283330275236,-41.112941191522445,41.0463761587672,-39.90154523540631,37.33676231199621,-41.112941191522445,18.598571423270194
30,65,0.04,0.02,34.72600706682732,-41.232113965631925,39.663282438853145,-39.813344584663,36.59405706622664,-41.232113965631925,18.56672079864711
35,65,0.035,0.02,34.734720288068075,-41.11312963611348,39.85728130425946,-39.84979011002206,36.653067123918504,-41.11312963611348,18.552228559761375
30,65,0.045,0.023,35.017780234389846,-41.001251603341736,41.08941717496478,-39.87713791570319,37.31804548867967,-41.001251603341736,18.542269244019014
35,65,0.032,0.02,34.65481243946189,-41.11611669601552,39.65021865949606,-39.83941045443752,36.52712320821209,-41.11611669601552,18.515779418844502
30,65,0.035,0.023,35.05425408887976,-41.23302505310835,41.08956205624631,-39.876708447188946,37.34398133196629,-41.23302505310835,18.510337531713546
30,65,0.045,0.02,34.59330142328588,-41.00880819434356,39.663282438853145,-39.813344584663,36.508034984443555,-41.00880819434356,18.465725199817093
30,65,0.035,0.02,34.63307742402202,-41.23686878855269,39.663434219803975,-39.81291015067928,36.53365233706168,-41.23686878855269,18.439548469504892
30,65,0.032,0.023,34.840172234048396,-41.23109628680215,40.89919979124977,-39.86636814706884,37.12887325587849,-41.23109628680215,18.288628888647164
35,70,0.045,0.025,34.391767252880896,-39.892395911665545,40.55751799096163,-39.88963777082183,36.716688674063334,-39.97310129328541,18.271415925469704
25,65,0.035,0.023,34.76786248350871,-41.247911910134775,40.7938928430132,-39.830111601626314,37.04884962296805,-41.247911910134775,18.221982689134965
25,65,0.032,0.023,34.76786056740269,-41.24792150611647,40.7938928430132,-39.830111601626314,37.04884944079174,-41.24792150611647,18.221976743798255
25,65,0.04,0.023,34.76503725944187,-41.24935211466325,40.7938928430132,-39.830111601626314,37.04823401291105,-41.24935211466325,18.217664565059767
30,65,0.032,0.02,34.42754237302594,-41.24156667366743,39.518200063209264,-39.86581573790264,36.32658087264804,-41.24156667366743,18.211263845678182
25,65,0.032,0.02,34.34772587730089,-41.25017854993467,39.40375150759371,-39.842116877398496,36.24423709616619,-41.25017854993467,18.140554414221267
25,65,0.035,0.02,34.347575784570665,-41.25019741368946,39.40375150759371,-39.842116877398496,36.243823434927435,-41.25019741368946,18.140345186721287
25,65,0.04,0.02,34.345866606882936,-41.25577785303317,39.40375150759371,-39.842116877398496,36.24303083171978,-41.25577785303317,18.136084643072557
35,75,0.045,0.025,34.27966655129313,-39.889596915378554,40.961651063025926,-39.89203195286739,36.78012615478946,-39.9757329462107,17.978760788683072
25,65,0.045,0.023,34.579166814341534,-41.24578710063679,40.7938928430132,-39.830111601626314,36.92858609560349,-41.24578710063679,17.967987219083575
35,65,0.045,0.027,34.281040847785675,-39.88896579517217,41.20126778434454,-39.865278068735996,36.86777375508177,-39.97435252467457,17.897823391679815
35,70,0.045,0.027,34.281040847785675,-39.88896579517217,41.20126778434454,-39.865278068735996,36.86777375508177,-39.97435252467457,17.897823391679815
35,75,0.045,0.027,34.281040847785675,-39.88896579517217,41.20126778434454,-39.865278068735996,36.86777375508177,-39.97435252467457,17.897823391679815
25,65,0.045,0.02,34.1614968617975,-41.25680638466081,39.40375150759371,-39.842116877398496,36.1245994742882,-41.25680638466081,17.886825501137544
35,75,0.045,0.023,34.13860512518855,-39.892554117179415,40.93838084279665,-39.87826950130923,36.68931564361705,-39.97342050629082,17.79628968301292
35,75,0.045,0.02,34.00289026727893,-39.887742611346674,40.59706374175599,-39.885173784561125,36.472001034779424,-39.97266361189453,17.73421963724062
35,65,0.045,0.023,33.68440060677929,-41.99238441008827,41.981961362413244,-39.8826673045219,36.73254497574311,-41.99238441008827,16.082919798776516
35,65,0.045,0.02,33.272159488608025,-41.97355392877689,40.540980716463395,-39.85007008072123,35.930899995771284,-41.97355392877689,16.037328183786737
