name,mode,ladder,fee,buy_range,train_cagr,train_mdd,valid_cagr,valid_mdd,full_cagr,full_mdd,score
공격형,never,0,0.0005,0.05,40.53437713461703,-42.111032075119276,46.0275141050003,-43.60145861625358,42.64594264324617,-43.74067855829057,23.351268679294137
공격형,never,0,0.0005,0.15,40.53437713461703,-42.111032075119276,46.0275141050003,-43.60145861625358,42.64594264324617,-43.74067855829057,23.351268679294137
공격형,never,0,0.0005,0.1,40.53437713461703,-42.111032075119276,46.0275141050003,-43.60145861625358,42.64594264324617,-43.74067855829057,23.351268679294137
공격형,never,2,0.0005,0.1,41.09661254738302,-42.6085474073984,47.77161566985762,-45.297540639583524,43.57462191452992,-45.41478906127622,22.906222230662674
공격형,never,2,0.0005,0.15,41.09661254738302,-42.6085474073984,47.77161566985762,-45.297540639583524,43.57462191452992,-45.41478906127622,22.906222230662674
공격형,never,2,0.0005,0.05,41.09661254738302,-42.6085474073984,47.77161566985762,-45.297540639583524,43.57462191452992,-45.41478906127622,22.906222230662674
공격형,never,3,0.0005,0.05,41.16604503662937,-42.67512623034847,48.14115841968547,-45.891095718482134,43.7300179114124,-46.00478118024554,22.66287185109099
공격형,never,3,0.0005,0.15,41.16604503662937,-42.67512623034847,48.14115841968547,-45.891095718482134,43.7300179114124,-46.00478118024554,22.66287185109099
공격형,never,3,0.0005,0.1,41.16604503662937,-42.67512623034847,48.14115841968547,-45.891095718482134,43.7300179114124,-46.00478118024554,22.66287185109099
균형형 ⭐ 추천,never,0,0.0005,0.1,37.52005050982221,-40.15972835313971,42.331493441773716,-39.83489859134747,39.37867087496387,-40.15972835313971,21.780140560040287
균형형 ⭐ 추천,never,0,0.0005,0.05,37.52005050982221,-40.15972835313971,42.331493441773716,-39.83489859134747,39.37867087496387,-40.15972835313971,21.780140560040287
균형형 ⭐ 추천,never,0,0.0005,0.15,37.52005050982221,-40.15972835313971,42.331493441773716,-39.83489859134747,39.37867087496387,-40.15972835313971,21.780140560040287
균형형 ⭐ 추천,never,2,0.0005,0.15,38.17637075100804,-40.826722063487175,43.891282610606844,-41.48936108593897,40.35387149594718,-41.45115480379688,21.654875220069815
균형형 ⭐ 추천,never,2,0.0005,0.05,38.17637075100804,-40.826722063487175,43.891282610606844,-41.48936108593897,40.35387149594718,-41.45115480379688,21.654875220069815
균형형 ⭐ 추천,never,2,0.0005,0.1,38.17637075100804,-40.826722063487175,43.891282610606844,-41.48936108593897,40.35387149594718,-41.45115480379688,21.654875220069815
균형형 ⭐ 추천,never,3,0.0005,0.15,38.25908193345988,-40.818861253107954,44.39826383645593,-41.99824294397374,40.50936329702635,-41.9925014183166,21.410983237020456
균형형 ⭐ 추천,never,3,0.0005,0.1,38.25908193345988,-40.818861253107954,44.39826383645593,-41.99824294397374,40.50936329702635,-41.9925014183166,21.410983237020456
균형형 ⭐ 추천,never,3,0.0005,0.05,38.25908193345988,-40.818861253107954,44.39826383645593,-41.99824294397374,40.50936329702635,-41.9925014183166,21.410983237020456
안정성장형,never,0,0.0005,0.1,35.86216741695098,-38.06195250926018,40.183013721330596,-37.88953066706785,37.56670622984755,-38.06195250926018,21.028187832177053
안정성장형,never,0,0.0005,0.05,35.86216741695098,-38.06195250926018,40.183013721330596,-37.88953066706785,37.56670622984755,-38.06195250926018,21.028187832177053
안정성장형,never,0,0.0005,0.15,35.86216741695098,-38.06195250926018,40.183013721330596,-37.88953066706785,37.56670622984755,-38.06195250926018,21.028187832177053
공격형,never,0,0.001,0.15,38.10479041160233,-42.07835115022684,43.496113658521416,-43.73517953997343,40.16356616183438,-43.80159936205691,20.910514436189953
공격형,never,0,0.001,0.1,38.10479041160233,-42.07835115022684,43.496113658521416,-43.73517953997343,40.16356616183438,-43.80159936205691,20.910514436189953
공격형,never,0,0.001,0.05,38.10479041160233,-42.07835115022684,43.496113658521416,-43.73517953997343,40.16356616183438,-43.80159936205691,20.910514436189953
안정성장형,never,2,0.0005,0.1,36.49635421528872,-39.08886944781245,41.77057735222145,-39.33778707373435,38.53818016477706,-39.458423934124795,20.882150641555242
안정성장형,never,2,0.0005,0.05,36.49635421528872,-39.08886944781245,41.77057735222145,-39.33778707373435,38.53818016477706,-39.458423934124795,20.882150641555242
안정성장형,never,2,0.0005,0.15,36.49635421528872,-39.08886944781245,41.77057735222145,-39.33778707373435,38.53818016477706,-39.458423934124795,20.882150641555242
안정성장형,never,3,0.0005,0.05,36.573582544417825,-39.244903895096265,42.29268852249941,-39.82622225084806,38.68915439520142,-39.97466425210246,20.632717664292446
안정성장형,never,3,0.0005,0.1,36.573582544417825,-39.244903895096265,42.29268852249941,-39.82622225084806,38.68915439520142,-39.97466425210246,20.632717664292446
안정성장형,never,3,0.0005,0.15,36.573582544417825,-39.244903895096265,42.29268852249941,-39.82622225084806,38.68915439520142,-39.97466425210246,20.632717664292446
공격형,all_loss,2,0.0005,0.1,39.52074920667226,-46.081093309161965,47.88800843502803,-45.29222059465559,42.58966810821123,-46.081093309161965,20.46382581854105
공격형,all_loss,2,0.0005,0.15,39.52074920667226,-46.081093309161965,47.88800843502803,-45.29222059465559,42.58966810821123,-46.081093309161965,20.46382581854105
공격형,all_loss,2,0.0005,0.05,39.52074920667226,-46.081093309161965,47.88800843502803,-45.29222059465559,42.58966810821123,-46.081093309161965,20.46382581854105
공격형,any_loss,2,0.0005,0.05,39.52074920667226,-46.081093309161965,47.88800843502803,-45.29222059465559,42.58966810821123,-46.081093309161965,20.46382581854105
공격형,any_loss,2,0.0005,0.15,39.52074920667226,-46.081093309161965,47.88800843502803,-45.29222059465559,42.58966810821123,-46.081093309161965,20.46382581854105
공격형,any_loss,2,0.0005,0.1,39.52074920667226,-46.081093309161965,47.88800843502803,-45.29222059465559,42.58966810821123,-46.081093309161965,20.46382581854105
공격형,any_loss,3,0.0005,0.05,39.58883962649349,-46.076481131524254,48.25205378267623,-45.92106134099622,42.740982147151115,-46.076481131524254,20.42994627579604
공격형,any_loss,3,0.0005,0.15,39.58883962649349,-46.076481131524254,48.25205378267623,-45.92106134099622,42.740982147151115,-46.076481131524254,20.42994627579604
공격형,all_loss,3,0.0005,0.1,39.58883962649349,-46.076481131524254,48.25205378267623,-45.92106134099622,42.740982147151115,-46.076481131524254,20.42994627579604
공격형,all_loss,3,0.0005,0.15,39.58883962649349,-46.076481131524254,48.25205378267623,-45.92106134099622,42.740982147151115,-46.076481131524254,20.42994627579604
공격형,all_loss,3,0.0005,0.05,39.58883962649349,-46.076481131524254,48.25205378267623,-45.92106134099622,42.740982147151115,-46.076481131524254,20.42994627579604
공격형,any_loss,3,0.0005,0.1,39.58883962649349,-46.076481131524254,48.25205378267623,-45.92106134099622,42.740982147151115,-46.076481131524254,20.42994627579604
공격형,never,2,0.001,0.05,38.612367810243576,-42.588382356331216,45.14185541867044,-45.47764710112221,41.0185619929623,-45.47429530585544,20.4098706619014
공격형,never,2,0.001,0.1,38.612367810243576,-42.588382356331216,45.14185541867044,-45.47764710112221,41.0185619929623,-45.47429530585544,20.4098706619014
공격형,never,2,0.001,0.15,38.612367810243576,-42.588382356331216,45.14185541867044,-45.47764710112221,41.0185619929623,-45.47429530585544,20.4098706619014
공격형,any_loss,0,0.0005,0.1,38.84852294714041,-45.917116258150216,46.18424701046131,-43.626966344225565,41.587375031651504,-45.917116258150216,20.21002883462552
공격형,any_loss,0,0.0005,0.15,38.84852294714041,-45.917116258150216,46.18424701046131,-43.626966344225565,41.587375031651504,-45.917116258150216,20.21002883462552
공격형,any_loss,0,0.0005,0.05,38.84852294714041,-45.917116258150216,46.18424701046131,-43.626966344225565,41.587375031651504,-45.917116258150216,20.21002883462552
공격형,all_loss,0,0.0005,0.15,38.84852294714041,-45.917116258150216,46.18424701046131,-43.626966344225565,41.587375031651504,-45.917116258150216,20.21002883462552
공격형,all_loss,0,0.0005,0.1,38.84852294714041,-45.917116258150216,46.18424701046131,-43.626966344225565,41.587375031651504,-45.917116258150216,20.21002883462552
공격형,all_loss,0,0.0005,0.05,38.84852294714041,-45.917116258150216,46.18424701046131,-43.626966344225565,41.587375031651504,-45.917116258150216,20.21002883462552
공격형,never,3,0.001,0.1,38.66139372478188,-42.649703763258074,45.33537025991385,-46.077983756681284,41.151169446806875,-46.06451031636094,20.198207622647246
공격형,never,3,0.001,0.05,38.66139372478188,-42.649703763258074,45.33537025991385,-46.077983756681284,41.151169446806875,-46.06451031636094,20.198207622647246
공격형,never,3,0.001,0.15,38.66139372478188,-42.649703763258074,45.33537025991385,-46.077983756681284,41.151169446806875,-46.06451031636094,20.198207622647246
안정형,never,0,0.0005,0.1,34.15853640508229,-36.430824922972796,37.99271719264783,-35.94912499716152,35.69374399434011,-36.430824922972796,20.065784406393867
안정형,never,0,0.0005,0.05,34.15853640508229,-36.430824922972796,37.99271719264783,-35.94912499716152,35.69374399434011,-36.430824922972796,20.065784406393867
안정형,never,0,0.0005,0.15,34.15853640508229,-36.430824922972796,37.99271719264783,-35.94912499716152,35.69374399434011,-36.430824922972796,20.065784406393867
안정형,never,2,0.0005,0.1,34.81728717348964,-36.872575449447346,39.61774956756277,-37.42440128042662,36.65808263479447,-37.45087290323696,20.03858488741473
안정형,never,2,0.0005,0.05,34.81728717348964,-36.872575449447346,39.61774956756277,-37.42440128042662,36.65808263479447,-37.45087290323696,20.03858488741473
안정형,never,2,0.0005,0.15,34.81728717348964,-36.872575449447346,39.61774956756277,-37.42440128042662,36.65808263479447,-37.45087290323696,20.03858488741473
안정형,never,3,0.0005,0.05,34.91781397317468,-36.99790317514323,40.02798074004321,-37.8869105821765,36.82082096159893,-37.94590375073686,19.868836901008923
안정형,never,3,0.0005,0.1,34.91781397317468,-36.99790317514323,40.02798074004321,-37.8869105821765,36.82082096159893,-37.94590375073686,19.868836901008923
안정형,never,3,0.0005,0.15,34.91781397317468,-36.99790317514323,40.02798074004321,-37.8869105821765,36.82082096159893,-37.94590375073686,19.868836901008923
균형형 ⭐ 추천,never,0,0.001,0.05,35.33457398805864,-40.40341253469046,40.047367434328265,-39.847125280634124,37.16202188324096,-40.40341253469046,19.543901894722605
균형형 ⭐ 추천,never,0,0.001,0.1,35.33457398805864,-40.40341253469046,40.047367434328265,-39.847125280634124,37.16202188324096,-40.40341253469046,19.543901894722605
균형형 ⭐ 추천,never,0,0.001,0.15,35.33457398805864,-40.40341253469046,40.047367434328265,-39.847125280634124,37.16202188324096,-40.40341253469046,19.543901894722605
균형형 ⭐ 추천,never,2,0.001,0.1,35.956762553424085,-40.97648950731849,41.65246501857705,-41.382107066878056,38.0861598557934,-41.51139932362759,19.47952921721323
균형형 ⭐ 추천,never,2,0.001,0.05,35.956762553424085,-40.97648950731849,41.65246501857705,-41.382107066878056,38.0861598557934,-41.51139932362759,19.47952921721323
균형형 ⭐ 추천,never,2,0.001,0.15,35.956762553424085,-40.97648950731849,41.65246501857705,-41.382107066878056,38.0861598557934,-41.51139932362759,19.47952921721323
균형형 ⭐ 추천,never,3,0.001,0.1,36.052122153487474,-40.9846918518339,41.90912543373386,-41.89722680424143,38.24523335117156,-42.05255393495556,19.33814162391674
균형형 ⭐ 추천,never,3,0.001,0.05,36.052122153487474,-40.9846918518339,41.90912543373386,-41.89722680424143,38.24523335117156,-42.05255393495556,19.33814162391674
균형형 ⭐ 추천,never,3,0.001,0.15,36.052122153487474,-40.9846918518339,41.90912543373386,-41.89722680424143,38.24523335117156,-42.05255393495556,19.33814162391674
안정성장형,never,0,0.001,0.1,33.76018723738572,-38.53420695867741,37.99527853449363,-37.9266388250785,35.45785303102211,-38.53420695867741,18.790932847860866
안정성장형,never,0,0.001,0.15,33.76018723738572,-38.53420695867741,37.99527853449363,-37.9266388250785,35.45785303102211,-38.53420695867741,18.790932847860866
안정성장형,never,0,0.001,0.05,33.76018723738572,-38.53420695867741,37.99527853449363,-37.9266388250785,35.45785303102211,-38.53420695867741,18.790932847860866
안정성장형,never,2,0.001,0.1,34.381497339364685,-39.430403125608535,39.628663217887606,-39.50708054835667,36.39098686757809,-39.51790665282538,18.71751108995683
안정성장형,never,2,0.001,0.15,34.381497339364685,-39.430403125608535,39.628663217887606,-39.50708054835667,36.39098686757809,-39.51790665282538,18.71751108995683
안정성장형,never,2,0.001,0.05,34.381497339364685,-39.430403125608535,39.628663217887606,-39.50708054835667,36.39098686757809,-39.51790665282538,18.71751108995683
안정성장형,never,3,0.001,0.15,34.46113425631416,-39.557277554736295,39.90908893617795,-39.86678883641962,36.53945926515072,-40.03203051141431,18.60097402561497
안정성장형,never,3,0.001,0.1,34.46113425631416,-39.557277554736295,39.90908893617795,-39.86678883641962,36.53945926515072,-40.03203051141431,18.60097402561497
안정성장형,never,3,0.001,0.05,34.46113425631416,-39.557277554736295,39.90908893617795,-39.86678883641962,36.53945926515072,-40.03203051141431,18.60097402561497
균형형 ⭐ 추천,all_loss,2,0.0005,0.1,36.62550694811213,-44.753957203866335,44.07481717255091,-41.31783615732191,39.37705655079699,-44.753957203866335,18.354363348205347
균형형 ⭐ 추천,any_loss,2,0.0005,0.05,36.62550694811213,-44.753957203866335,44.07481717255091,-41.31783615732191,39.37705655079699,-44.753957203866335,18.354363348205347
균형형 ⭐ 추천,all_loss,2,0.0005,0.05,36.62550694811213,-44.753957203866335,44.07481717255091,-41.31783615732191,39.37705655079699,-44.753957203866335,18.354363348205347
균형형 ⭐ 추천,any_loss,2,0.0005,0.15,36.62550694811213,-44.753957203866335,44.07481717255091,-41.31783615732191,39.37705655079699,-44.753957203866335,18.354363348205347
균형형 ⭐ 추천,any_loss,2,0.0005,0.1,36.62550694811213,-44.753957203866335,44.07481717255091,-41.31783615732191,39.37705655079699,-44.753957203866335,18.354363348205347
균형형 ⭐ 추천,all_loss,2,0.0005,0.15,36.62550694811213,-44.753957203866335,44.07481717255091,-41.31783615732191,39.37705655079699,-44.753957203866335,18.354363348205347
균형형 ⭐ 추천,any_loss,3,0.0005,0.15,36.6886993119119,-44.79285030978809,44.39723173718424,-41.988423892029445,39.5174586196819,-44.79285030978809,18.313215354640747
균형형 ⭐ 추천,any_loss,3,0.0005,0.05,36.6886993119119,-44.79285030978809,44.39723173718424,-41.988423892029445,39.5174586196819,-44.79285030978809,18.313215354640747
균형형 ⭐ 추천,any_loss,3,0.0005,0.1,36.6886993119119,-44.79285030978809,44.39723173718424,-41.988423892029445,39.5174586196819,-44.79285030978809,18.313215354640747
균형형 ⭐ 추천,all_loss,3,0.0005,0.15,36.6886993119119,-44.79285030978809,44.39723173718424,-41.988423892029445,39.5174586196819,-44.79285030978809,18.313215354640747
균형형 ⭐ 추천,all_loss,3,0.0005,0.1,36.6886993119119,-44.79285030978809,44.39723173718424,-41.988423892029445,39.5174586196819,-44.79285030978809,18.313215354640747
균형형 ⭐ 추천,all_loss,3,0.0005,0.05,36.6886993119119,-44.79285030978809,44.39723173718424,-41.988423892029445,39.5174586196819,-44.79285030978809,18.313215354640747
균형형 ⭐ 추천,all_loss,0,0.0005,0.1,36.01327763237359,-44.27028351617662,42.448348537689284,-39.78893718576691,38.431937707177546,-44.27028351617662,18.266403584851275
균형형 ⭐ 추천,all_loss,0,0.0005,0.05,36.01327763237359,-44.27028351617662,42.448348537689284,-39.78893718576691,38.431937707177546,-44.27028351617662,18.266403584851275
균형형 ⭐ 추천,any_loss,0,0.0005,0.05,36.01327763237359,-44.27028351617662,42.448348537689284,-39.78893718576691,38.431937707177546,-44.27028351617662,18.266403584851275
균형형 ⭐ 추천,any_loss,0,0.0005,0.15,36.01327763237359,-44.27028351617662,42.448348537689284,-39.78893718576691,38.431937707177546,-44.27028351617662,18.266403584851275
균형형 ⭐ 추천,any_loss,0,0.0005,0.1,36.01327763237359,-44.27028351617662,42.448348537689284,-39.78893718576691,38.431937707177546,-44.27028351617662,18.266403584851275
균형형 ⭐ 추천,all_loss,0,0.0005,0.15,36.01327763237359,-44.27028351617662,42.448348537689284,-39.78893718576691,38.431937707177546,-44.27028351617662,18.266403584851275
안정형,never,2,0.001,0.15,32.79321940882589,-37.45961446242057,37.47268878777841,-37.38270489196244,34.61727726650346,-37.509439505208555,18.04454006434531
안정형,never,2,0.001,0.05,32.79321940882589,-37.45961446242057,37.47268878777841,-37.38270489196244,34.61727726650346,-37.509439505208555,18.04454006434531
안정형,never,2,0.001,0.1,32.79321940882589,-37.45961446242057,37.47268878777841,-37.38270489196244,34.61727726650346,-37.509439505208555,18.04454006434531
안정형,never,0,0.001,0.15,32.15306658898036,-36.545400206601805,35.97507033225702,-36.02145796158812,33.698935428793675,-36.545400206601805,18.024475206522897
안정형,never,0,0.001,0.1,32.15306658898036,-36.545400206601805,35.97507033225702,-36.02145796158812,33.698935428793675,-36.545400206601805,18.024475206522897
안정형,never,0,0.001,0.05,32.15306658898036,-36.545400206601805,35.97507033225702,-36.02145796158812,33.698935428793675,-36.545400206601805,18.024475206522897
공격형,all_loss,3,0.001,0.15,37.13185750429449,-46.48598578145548,45.33395805276832,-46.080855588018075,40.18940096417272,-46.48598578145548,17.991027288819225
공격형,all_loss,3,0.001,0.1,37.13185750429449,-46.48598578145548,45.33395805276832,-46.080855588018075,40.18940096417272,-46.48598578145548,17.991027288819225
공격형,all_loss,3,0.001,0.05,37.13185750429449,-46.48598578145548,45.33395805276832,-46.080855588018075,40.18940096417272,-46.48598578145548,17.991027288819225
공격형,any_loss,3,0.001,0.1,37.13185750429449,-46.48598578145548,45.33395805276832,-46.080855588018075,40.18940096417272,-46.48598578145548,17.991027288819225
공격형,any_loss,3,0.001,0.05,37.13185750429449,-46.48598578145548,45.33395805276832,-46.080855588018075,40.18940096417272,-46.48598578145548,17.991027288819225
공격형,any_loss,3,0.001,0.15,37.13185750429449,-46.48598578145548,45.33395805276832,-46.080855588018075,40.18940096417272,-46.48598578145548,17.991027288819225
공격형,all_loss,2,0.001,0.05,37.06531706214542,-46.4840025825847,45.12880996755872,-45.494927983696,40.047116431039996,-46.4840025825847,17.973693641346117
공격형,any_loss,2,0.001,0.15,37.06531706214542,-46.4840025825847,45.12880996755872,-45.494927983696,40.047116431039996,-46.4840025825847,17.973693641346117
공격형,any_loss,2,0.001,0.1,37.06531706214542,-46.4840025825847,45.12880996755872,-45.494927983696,40.047116431039996,-46.4840025825847,17.973693641346117
공격형,any_loss,2,0.001,0.05,37.06531706214542,-46.4840025825847,45.12880996755872,-45.494927983696,40.047116431039996,-46.4840025825847,17.973693641346117
공격형,all_loss,2,0.001,0.15,37.06531706214542,-46.4840025825847,45.12880996755872,-45.494927983696,40.047116431039996,-46.4840025825847,17.973693641346117
공격형,all_loss,2,0.001,0.1,37.06531706214542,-46.4840025825847,45.12880996755872,-45.494927983696,40.047116431039996,-46.4840025825847,17.973693641346117
안정형,never,3,0.001,0.15,32.868333691419,-37.57218871582341,37.82499344837342,-37.836296657723615,34.75984369071268,-38.00391800420636,17.890798946281684
안정형,never,3,0.001,0.1,32.868333691419,-37.57218871582341,37.82499344837342,-37.836296657723615,34.75984369071268,-38.00391800420636,17.890798946281684
안정형,never,3,0.001,0.05,32.868333691419,-37.57218871582341,37.82499344837342,-37.836296657723615,34.75984369071268,-38.00391800420636,17.890798946281684
공격형,any_loss,0,0.001,0.1,36.47935838153138,-46.31621308858479,43.666818420286766,-43.705526846479636,39.1444064718357,-46.31621308858479,17.753072786962317
공격형,any_loss,0,0.001,0.05,36.47935838153138,-46.31621308858479,43.666818420286766,-43.705526846479636,39.1444064718357,-46.31621308858479,17.753072786962317
공격형,all_loss,0,0.001,0.15,36.47935838153138,-46.31621308858479,43.666818420286766,-43.705526846479636,39.1444064718357,-46.31621308858479,17.753072786962317
공격형,all_loss,0,0.001,0.1,36.47935838153138,-46.31621308858479,43.666818420286766,-43.705526846479636,39.1444064718357,-46.31621308858479,17.753072786962317
공격형,all_loss,0,0.001,0.05,36.47935838153138,-46.31621308858479,43.666818420286766,-43.705526846479636,39.1444064718357,-46.31621308858479,17.753072786962317
공격형,any_loss,0,0.001,0.15,36.47935838153138,-46.31621308858479,43.666818420286766,-43.705526846479636,39.1444064718357,-46.31621308858479,17.753072786962317
안정성장형,any_loss,0,0.0005,0.1,34.485295872950836,-42.94974183194272,40.23700253010449,-37.858926450700544,36.70355877794997,-42.94974183194272,17.43978890176711
안정성장형,any_loss,0,0.0005,0.05,34.485295872950836,-42.94974183194272,40.23700253010449,-37.858926450700544,36.70355877794997,-42.94974183194272,17.43978890176711
안정성장형,all_loss,0,0.0005,0.1,34.485295872950836,-42.94974183194272,40.23700253010449,-37.858926450700544,36.70355877794997,-42.94974183194272,17.43978890176711
안정성장형,all_loss,0,0.0005,0.05,34.485295872950836,-42.94974183194272,40.23700253010449,-37.858926450700544,36.70355877794997,-42.94974183194272,17.43978890176711
안정성장형,any_loss,0,0.0005,0.15,34.485295872950836,-42.94974183194272,40.23700253010449,-37.858926450700544,36.70355877794997,-42.94974183194272,17.43978890176711
안정성장형,all_loss,0,0.0005,0.15,34.485295872950836,-42.94974183194272,40.23700253010449,-37.858926450700544,36.70355877794997,-42.94974183194272,17.43978890176711
안정성장형,all_loss,2,0.0005,0.05,35.07101653194131,-43.45618142504578,41.990738448384455,-39.3653724653363,37.645265622691056,-43.45618142504578,17.43945036242019
안정성장형,any_loss,2,0.0005,0.1,35.07101653194131,-43.45618142504578,41.990738448384455,-39.3653724653363,37.645265622691056,-43.45618142504578,17.43945036242019
안정성장형,any_loss,2,0.0005,0.05,35.07101653194131,-43.45618142504578,41.990738448384455,-39.3653724653363,37.645265622691056,-43.45618142504578,17.43945036242019
안정성장형,all_loss,2,0.0005,0.15,35.07101653194131,-43.45618142504578,41.990738448384455,-39.3653724653363,37.645265622691056,-43.45618142504578,17.43945036242019
안정성장형,all_loss,2,0.0005,0.1,35.07101653194131,-43.45618142504578,41.990738448384455,-39.3653724653363,37.645265622691056,-43.45618142504578,17.43945036242019
안정성장형,any_loss,2,0.0005,0.15,35.07101653194131,-43.45618142504578,41.990738448384455,-39.3653724653363,37.645265622691056,-43.45618142504578,17.43945036242019
안정성장형,all_loss,3,0.0005,0.1,35.145568652287636,-43.498280260872875,42.39661887426686,-39.847703617338034,37.79607342018061,-43.498280260872875,17.383302983289404
안정성장형,all_loss,3,0.0005,0.05,35.145568652287636,-43.498280260872875,42.39661887426686,-39.847703617338034,37.79607342018061,-43.498280260872875,17.383302983289404
안정성장형,any_loss,3,0.0005,0.15,35.145568652287636,-43.498280260872875,42.39661887426686,-39.847703617338034,37.79607342018061,-43.498280260872875,17.383302983289404
안정성장형,all_loss,3,0.0005,0.15,35.145568652287636,-43.498280260872875,42.39661887426686,-39.847703617338034,37.79607342018061,-43.498280260872875,17.383302983289404
안정성장형,any_loss,3,0.0005,0.1,35.145568652287636,-43.498280260872875,42.39661887426686,-39.847703617338034,37.79607342018061,-43.498280260872875,17.383302983289404
안정성장형,any_loss,3,0.0005,0.05,35.145568652287636,-43.498280260872875,42.39661887426686,-39.847703617338034,37.79607342018061,-43.498280260872875,17.383302983289404
간편형,never,0,0.0005,0.05,33.949333279635276,-39.30134954381927,42.05822833401412,-39.86042017301958,36.97684344699472,-39.97694466401407,17.160072950045834
간편형,never,0,0.0005,0.1,33.949333279635276,-39.30134954381927,42.05822833401412,-39.86042017301958,36.97684344699472,-39.97694466401407,17.160072950045834
간편형,never,0,0.0005,0.15,33.949333279635276,-39.30134954381927,42.05822833401412,-39.86042017301958,36.97684344699472,-39.97694466401407,17.160072950045834
간편형,never,0,0.001,0.15,33.39441800700909,-39.52788164001665,40.55796572002286,-39.8942538149018,36.12167930184733,-40.02792277645061,16.92418747223864
간편형,never,0,0.001,0.1,33.39441800700909,-39.52788164001665,40.55796572002286,-39.8942538149018,36.12167930184733,-40.02792277645061,16.92418747223864
간편형,never,0,0.001,0.05,33.39441800700909,-39.52788164001665,40.55796572002286,-39.8942538149018,36.12167930184733,-40.02792277645061,16.92418747223864
간편형,never,2,0.0005,0.05,34.50331478354079,-40.159283059400565,43.59954419629493,-41.256136839951324,37.83427285040793,-41.36436663023907,16.879986595093875
간편형,never,2,0.0005,0.1,34.50331478354079,-40.159283059400565,43.59954419629493,-41.256136839951324,37.83427285040793,-41.36436663023907,16.879986595093875
간편형,never,2,0.0005,0.15,34.50331478354079,-40.159283059400565,43.59954419629493,-41.256136839951324,37.83427285040793,-41.36436663023907,16.879986595093875
간편형,never,3,0.0005,0.1,34.54467426150436,-40.332225397426505,43.77668943400794,-41.67174092013829,37.94616143825371,-41.788025361586364,16.728359629079705
간편형,never,3,0.0005,0.05,34.54467426150436,-40.332225397426505,43.77668943400794,-41.67174092013829,37.94616143825371,-41.788025361586364,16.728359629079705
간편형,never,3,0.0005,0.15,34.54467426150436,-40.332225397426505,43.77668943400794,-41.67174092013829,37.94616143825371,-41.788025361586364,16.728359629079705
안정형,all_loss,2,0.0005,0.1,33.55644458176259,-42.0304773718197,39.732171606519,-37.309650326613635,35.873058940334566,-42.0304773718197,16.684273042960953
안정형,all_loss,2,0.0005,0.05,33.55644458176259,-42.0304773718197,39.732171606519,-37.309650326613635,35.873058940334566,-42.0304773718197,16.684273042960953
안정형,any_loss,2,0.0005,0.05,33.55644458176259,-42.0304773718197,39.732171606519,-37.309650326613635,35.873058940334566,-42.0304773718197,16.684273042960953
안정형,all_loss,2,0.0005,0.15,33.55644458176259,-42.0304773718197,39.732171606519,-37.309650326613635,35.873058940334566,-42.0304773718197,16.684273042960953
안정형,any_loss,2,0.0005,0.1,33.55644458176259,-42.0304773718197,39.732171606519,-37.309650326613635,35.873058940334566,-42.0304773718197,16.684273042960953
안정형,any_loss,2,0.0005,0.15,33.55644458176259,-42.0304773718197,39.732171606519,-37.309650326613635,35.873058940334566,-42.0304773718197,16.684273042960953
안정형,any_loss,0,0.0005,0.05,32.94949408057371,-41.35000686814511,38.10983797148324,-35.93911441419586,34.93999959286749,-41.35000686814511,16.670871314904584
안정형,any_loss,0,0.0005,0.1,32.94949408057371,-41.35000686814511,38.10983797148324,-35.93911441419586,34.93999959286749,-41.35000686814511,16.670871314904584
안정형,all_loss,0,0.0005,0.05,32.94949408057371,-41.35000686814511,38.10983797148324,-35.93911441419586,34.93999959286749,-41.35000686814511,16.670871314904584
안정형,any_loss,0,0.0005,0.15,32.94949408057371,-41.35000686814511,38.10983797148324,-35.93911441419586,34.93999959286749,-41.35000686814511,16.670871314904584
안정형,all_loss,0,0.0005,0.15,32.94949408057371,-41.35000686814511,38.10983797148324,-35.93911441419586,34.93999959286749,-41.35000686814511,16.670871314904584
안정형,all_loss,0,0.0005,0.1,32.94949408057371,-41.35000686814511,38.10983797148324,-35.93911441419586,34.93999959286749,-41.35000686814511,16.670871314904584
안정형,any_loss,3,0.0005,0.05,33.645159702115194,-42.065475999012534,40.113880950627376,-37.82889464041966,36.0236746557989,-42.065475999012534,16.658190665481545
안정형,all_loss,3,0.0005,0.15,33.645159702115194,-42.065475999012534,40.113880950627376,-37.82889464041966,36.0236746557989,-42.065475999012534,16.658190665481545
안정형,all_loss,3,0.0005,0.05,33.645159702115194,-42.065475999012534,40.113880950627376,-37.82889464041966,36.0236746557989,-42.065475999012534,16.658190665481545
안정형,any_loss,3,0.0005,0.1,33.645159702115194,-42.065475999012534,40.113880950627376,-37.82889464041966,36.0236746557989,-42.065475999012534,16.658190665481545
안정형,all_loss,3,0.0005,0.1,33.645159702115194,-42.065475999012534,40.113880950627376,-37.82889464041966,36.0236746557989,-42.065475999012534,16.658190665481545
안정형,any_loss,3,0.0005,0.15,33.645159702115194,-42.065475999012534,40.113880950627376,-37.82889464041966,36.0236746557989,-42.065475999012534,16.658190665481545
간편형,never,2,0.001,0.1,33.88261619659454,-40.49910795065414,41.92106813508065,-41.279798541218305,36.897204236497295,-41.41734192079117,16.621228528697994
간편형,never,2,0.001,0.15,33.88261619659454,-40.49910795065414,41.92106813508065,-41.279798541218305,36.897204236497295,-41.41734192079117,16.621228528697994
간편형,never,2,0.001,0.05,33.88261619659454,-40.49910795065414,41.92106813508065,-41.279798541218305,36.897204236497295,-41.41734192079117,16.621228528697994
간편형,never,3,0.001,0.15,33.92099222191742,-40.679826286010325,42.11905176046673,-41.691665091757315,36.99725998955652,-41.8381515146756,16.45958860131011
간편형,never,3,0.001,0.1,33.92099222191742,-40.679826286010325,42.11905176046673,-41.691665091757315,36.99725998955652,-41.8381515146756,16.45958860131011
간편형,never,3,0.001,0.05,33.92099222191742,-40.679826286010325,42.11905176046673,-41.691665091757315,36.99725998955652,-41.8381515146756,16.45958860131011
균형형 ⭐ 추천,all_loss,3,0.001,0.1,34.58929008923164,-45.192846128139855,41.930390617746085,-42.05985555725497,37.32265542202606,-45.192846128139855,16.202408759402633
균형형 ⭐ 추천,any_loss,3,0.001,0.1,34.58929008923164,-45.192846128139855,41.930390617746085,-42.05985555725497,37.32265542202606,-45.192846128139855,16.202408759402633
균형형 ⭐ 추천,all_loss,3,0.001,0.05,34.58929008923164,-45.192846128139855,41.930390617746085,-42.05985555725497,37.32265542202606,-45.192846128139855,16.202408759402633
균형형 ⭐ 추천,any_loss,3,0.001,0.15,34.58929008923164,-45.192846128139855,41.930390617746085,-42.05985555725497,37.32265542202606,-45.192846128139855,16.202408759402633
균형형 ⭐ 추천,all_loss,3,0.001,0.15,34.58929008923164,-45.192846128139855,41.930390617746085,-42.05985555725497,37.32265542202606,-45.192846128139855,16.202408759402633
균형형 ⭐ 추천,any_loss,3,0.001,0.05,34.58929008923164,-45.192846128139855,41.930390617746085,-42.05985555725497,37.32265542202606,-45.192846128139855,16.202408759402633
균형형 ⭐ 추천,any_loss,2,0.001,0.05,34.47166227372076,-45.30865840599544,41.65085638202481,-41.38547120059632,37.15167140476694,-45.30865840599544,16.100913893715937
균형형 ⭐ 추천,any_loss,2,0.001,0.15,34.47166227372076,-45.30865840599544,41.65085638202481,-41.38547120059632,37.15167140476694,-45.30865840599544,16.100913893715937
균형형 ⭐ 추천,all_loss,2,0.001,0.15,34.47166227372076,-45.30865840599544,41.65085638202481,-41.38547120059632,37.15167140476694,-45.30865840599544,16.100913893715937
균형형 ⭐ 추천,all_loss,2,0.001,0.05,34.47166227372076,-45.30865840599544,41.65085638202481,-41.38547120059632,37.15167140476694,-45.30865840599544,16.100913893715937
균형형 ⭐ 추천,any_loss,2,0.001,0.1,34.47166227372076,-45.30865840599544,41.65085638202481,-41.38547120059632,37.15167140476694,-45.30865840599544,16.100913893715937
균형형 ⭐ 추천,all_loss,2,0.001,0.1,34.47166227372076,-45.30865840599544,41.65085638202481,-41.38547120059632,37.15167140476694,-45.30865840599544,16.100913893715937
균형형 ⭐ 추천,all_loss,0,0.001,0.1,33.90005295110483,-44.82626382958175,40.12937194471271,-39.895707192116134,36.26215189831361,-44.82626382958175,16.030598962988467
균형형 ⭐ 추천,any_loss,0,0.001,0.15,33.90005295110483,-44.82626382958175,40.12937194471271,-39.895707192116134,36.26215189831361,-44.82626382958175,16.030598962988467
균형형 ⭐ 추천,any_loss,0,0.001,0.1,33.90005295110483,-44.82626382958175,40.12937194471271,-39.895707192116134,36.26215189831361,-44.82626382958175,16.030598962988467
균형형 ⭐ 추천,any_loss,0,0.001,0.05,33.90005295110483,-44.82626382958175,40.12937194471271,-39.895707192116134,36.26215189831361,-44.82626382958175,16.030598962988467
균형형 ⭐ 추천,all_loss,0,0.001,0.05,33.90005295110483,-44.82626382958175,40.12937194471271,-39.895707192116134,36.26215189831361,-44.82626382958175,16.030598962988467
균형형 ⭐ 추천,all_loss,0,0.001,0.15,33.90005295110483,-44.82626382958175,40.12937194471271,-39.895707192116134,36.26215189831361,-44.82626382958175,16.030598962988467
안정성장형,all_loss,3,0.001,0.15,33.1491221428231,-43.892563120866875,39.962047251928134,-40.006380021772934,35.71074472697609,-43.892563120866875,15.40220126233294
안정성장형,all_loss,3,0.001,0.1,33.1491221428231,-43.892563120866875,39.962047251928134,-40.006380021772934,35.71074472697609,-43.892563120866875,15.40220126233294
안정성장형,any_loss,3,0.001,0.1,33.1491221428231,-43.892563120866875,39.962047251928134,-40.006380021772934,35.71074472697609,-43.892563120866875,15.40220126233294
안정성장형,all_loss,3,0.001,0.05,33.1491221428231,-43.892563120866875,39.962047251928134,-40.006380021772934,35.71074472697609,-43.892563120866875,15.40220126233294
안정성장형,any_loss,3,0.001,0.05,33.1491221428231,-43.892563120866875,39.962047251928134,-40.006380021772934,35.71074472697609,-43.892563120866875,15.40220126233294
안정성장형,any_loss,3,0.001,0.15,33.1491221428231,-43.892563120866875,39.962047251928134,-40.006380021772934,35.71074472697609,-43.892563120866875,15.40220126233294
안정성장형,all_loss,2,0.001,0.05,33.040372414569475,-44.00380920673007,39.70880121347182,-39.49100411142566,35.537376493976566,-44.00380920673007,15.305089112598129
안정성장형,all_loss,2,0.001,0.1,33.040372414569475,-44.00380920673007,39.70880121347182,-39.49100411142566,35.537376493976566,-44.00380920673007,15.305089112598129
안정성장형,any_loss,2,0.001,0.15,33.040372414569475,-44.00380920673007,39.70880121347182,-39.49100411142566,35.537376493976566,-44.00380920673007,15.305089112598129
안정성장형,any_loss,2,0.001,0.05,33.040372414569475,-44.00380920673007,39.70880121347182,-39.49100411142566,35.537376493976566,-44.00380920673007,15.305089112598129
안정성장형,all_loss,2,0.001,0.15,33.040372414569475,-44.00380920673007,39.70880121347182,-39.49100411142566,35.537376493976566,-44.00380920673007,15.305089112598129
안정성장형,any_loss,2,0.001,0.1,33.040372414569475,-44.00380920673007,39.70880121347182,-39.49100411142566,35.537376493976566,-44.00380920673007,15.305089112598129
안정성장형,any_loss,0,0.001,0.15,32.484800496619414,-43.49294363685694,38.101242596356414,-37.95121031547089,34.658091133038724,-43.49294363685694,15.296515488811533
안정성장형,all_loss,0,0.001,0.05,32.484800496619414,-43.49294363685694,38.101242596356414,-37.95121031547089,34.658091133038724,-43.49294363685694,15.296515488811533
안정성장형,any_loss,0,0.001,0.05,32.484800496619414,-43.49294363685694,38.101242596356414,-37.95121031547089,34.658091133038724,-43.49294363685694,15.296515488811533
안정성장형,all_loss,0,0.001,0.15,32.484800496619414,-43.49294363685694,38.101242596356414,-37.95121031547089,34.658091133038724,-43.49294363685694,15.296515488811533
안정성장형,all_loss,0,0.001,0.1,32.484800496619414,-43.49294363685694,38.101242596356414,-37.95121031547089,34.658091133038724,-43.49294363685694,15.296515488811533
안정성장형,any_loss,0,0.001,0.1,32.484800496619414,-43.49294363685694,38.101242596356414,-37.95121031547089,34.658091133038724,-43.49294363685694,15.296515488811533
간편형,any_loss,2,0.0005,0.05,33.61707399524734,-42.88341880615967,43.79823981247759,-41.216658445125546,37.28922994382635,-42.88341880615967,15.04446937706087
간편형,any_loss,2,0.0005,0.15,33.61707399524734,-42.88341880615967,43.79823981247759,-41.216658445125546,37.28922994382635,-42.88341880615967,15.04446937706087
간편형,any_loss,2,0.0005,0.1,33.61707399524734,-42.88341880615967,43.79823981247759,-41.216658445125546,37.28922994382635,-42.88341880615967,15.04446937706087
간편형,any_loss,0,0.0005,0.1,33.07326220256921,-42.54294396132499,42.06668934056728,-39.890910199059896,36.43764813002499,-42.54294396132499,15.035532317806144
간편형,any_loss,0,0.0005,0.15,33.07326220256921,-42.54294396132499,42.06668934056728,-39.890910199059896,36.43764813002499,-42.54294396132499,15.035532317806144
간편형,any_loss,0,0.0005,0.05,33.07326220256921,-42.54294396132499,42.06668934056728,-39.890910199059896,36.43764813002499,-42.54294396132499,15.035532317806144
간편형,any_loss,3,0.0005,0.1,33.65062647735051,-42.917279966499436,43.92646270858991,-41.67536717688089,37.395822086019415,-42.917279966499436,15.033035808141914
간편형,any_loss,3,0.0005,0.05,33.65062647735051,-42.917279966499436,43.92646270858991,-41.67536717688089,37.395822086019415,-42.917279966499436,15.033035808141914
간편형,any_loss,3,0.0005,0.15,33.65062647735051,-42.917279966499436,43.92646270858991,-41.67536717688089,37.395822086019415,-42.917279966499436,15.033035808141914
간편형,all_loss,3,0.0005,0.15,33.60566081014551,-42.90504494573416,43.92646270858991,-41.67536717688089,37.37051651704686,-42.90504494573416,14.976614414683013
간편형,all_loss,3,0.0005,0.05,33.60566081014551,-42.90504494573416,43.92646270858991,-41.67536717688089,37.37051651704686,-42.90504494573416,14.976614414683013
간편형,all_loss,3,0.0005,0.1,33.60566081014551,-42.90504494573416,43.92646270858991,-41.67536717688089,37.37051651704686,-42.90504494573416,14.976614414683013
간편형,all_loss,0,0.0005,0.1,33.0164266133026,-42.54242150507331,42.06668934056728,-39.890910199059896,36.400761809283445,-42.54242150507331,14.958987131984307
간편형,all_loss,0,0.0005,0.05,33.0164266133026,-42.54242150507331,42.06668934056728,-39.890910199059896,36.400761809283445,-42.54242150507331,14.958987131984307
간편형,all_loss,0,0.0005,0.15,33.0164266133026,-42.54242150507331,42.06668934056728,-39.890910199059896,36.400761809283445,-42.54242150507331,14.958987131984307
간편형,all_loss,2,0.0005,0.05,33.54404546431196,-42.93140707374455,43.79823981247759,-41.216658445125546,37.23513110963599,-42.93140707374455,14.929084966643396
간편형,all_loss,2,0.0005,0.1,33.54404546431196,-42.93140707374455,43.79823981247759,-41.216658445125546,37.23513110963599,-42.93140707374455,14.929084966643396
간편형,all_loss,2,0.0005,0.15,33.54404546431196,-42.93140707374455,43.79823981247759,-41.216658445125546,37.23513110963599,-42.93140707374455,14.929084966643396
간편형,any_loss,3,0.001,0.15,33.06231122972396,-43.20116706325747,42.13406903930825,-41.71837398719239,36.4667546054517,-43.20116706325747,14.766787524229345
간편형,any_loss,3,0.001,0.1,33.06231122972396,-43.20116706325747,42.13406903930825,-41.71837398719239,36.4667546054517,-43.20116706325747,14.766787524229345
간편형,any_loss,3,0.001,0.05,33.06231122972396,-43.20116706325747,42.13406903930825,-41.71837398719239,36.4667546054517,-43.20116706325747,14.766787524229345
간편형,any_loss,2,0.001,0.1,33.014359041041864,-43.139736197801504,42.03423054444164,-41.30043934747949,36.36272317338276,-43.139736197801504,14.758496345621415
간편형,any_loss,2,0.001,0.05,33.014359041041864,-43.139736197801504,42.03423054444164,-41.30043934747949,36.36272317338276,-43.139736197801504,14.758496345621415
간편형,any_loss,2,0.001,0.15,33.014359041041864,-43.139736197801504,42.03423054444164,-41.30043934747949,36.36272317338276,-43.139736197801504,14.758496345621415
간편형,any_loss,0,0.001,0.1,32.51442729873708,-42.77652523278647,40.55679081559749,-39.89752782375909,35.58212807408938,-42.77652523278647,14.727816236360677
간편형,any_loss,0,0.001,0.15,32.51442729873708,-42.77652523278647,40.55679081559749,-39.89752782375909,35.58212807408938,-42.77652523278647,14.727816236360677
간편형,any_loss,0,0.001,0.05,32.51442729873708,-42.77652523278647,40.55679081559749,-39.89752782375909,35.58212807408938,-42.77652523278647,14.727816236360677
간편형,all_loss,2,0.001,0.1,32.96384352008115,-43.14677992715439,42.03423054444164,-41.30043934747949,36.331004326054405,-43.14677992715439,14.687835087050939
간편형,all_loss,2,0.001,0.05,32.96384352008115,-43.14677992715439,42.03423054444164,-41.30043934747949,36.331004326054405,-43.14677992715439,14.687835087050939
간편형,all_loss,2,0.001,0.15,32.96384352008115,-43.14677992715439,42.03423054444164,-41.30043934747949,36.331004326054405,-43.14677992715439,14.687835087050939
간편형,all_loss,3,0.001,0.1,32.99452941507837,-43.19829188633816,42.13406903930825,-41.71837398719239,36.42264045569759,-43.19829188633816,14.676288386379552
간편형,all_loss,3,0.001,0.15,32.99452941507837,-43.19829188633816,42.13406903930825,-41.71837398719239,36.42264045569759,-43.19829188633816,14.676288386379552
간편형,all_loss,3,0.001,0.05,32.99452941507837,-43.19829188633816,42.13406903930825,-41.71837398719239,36.42264045569759,-43.19829188633816,14.676288386379552
안정형,all_loss,2,0.001,0.05,31.651031214217706,-42.56192587215365,37.60420548865411,-37.344389278035,33.89871715465118,-42.56192587215365,14.670746162911186
안정형,all_loss,2,0.001,0.15,31.651031214217706,-42.56192587215365,37.60420548865411,-37.344389278035,33.89871715465118,-42.56192587215365,14.670746162911186
안정형,any_loss,2,0.001,0.15,31.651031214217706,-42.56192587215365,37.60420548865411,-37.344389278035,33.89871715465118,-42.56192587215365,14.670746162911186
안정형,all_loss,2,0.001,0.1,31.651031214217706,-42.56192587215365,37.60420548865411,-37.344389278035,33.89871715465118,-42.56192587215365,14.670746162911186
안정형,any_loss,2,0.001,0.1,31.651031214217706,-42.56192587215365,37.60420548865411,-37.344389278035,33.89871715465118,-42.56192587215365,14.670746162911186
안정형,any_loss,2,0.001,0.05,31.651031214217706,-42.56192587215365,37.60420548865411,-37.344389278035,33.89871715465118,-42.56192587215365,14.670746162911186
간편형,all_loss,0,0.001,0.15,32.459032510901324,-42.77128471498285,40.55679081559749,-39.89752782375909,35.543940509601725,-42.77128471498285,14.654867454013669
간편형,all_loss,0,0.001,0.05,32.459032510901324,-42.77128471498285,40.55679081559749,-39.89752782375909,35.543940509601725,-42.77128471498285,14.654867454013669
간편형,all_loss,0,0.001,0.1,32.459032510901324,-42.77128471498285,40.55679081559749,-39.89752782375909,35.543940509601725,-42.77128471498285,14.654867454013669
안정형,all_loss,0,0.001,0.1,31.048982263554127,-41.879633976279315,36.13726395863364,-35.94627653057858,33.0096548802429,-41.879633976279315,14.610211778578538
안정형,any_loss,0,0.001,0.15,31.048982263554127,-41.879633976279315,36.13726395863364,-35.94627653057858,33.0096548802429,-41.879633976279315,14.610211778578538
안정형,any_loss,0,0.001,0.1,31.048982263554127,-41.879633976279315,36.13726395863364,-35.94627653057858,33.0096548802429,-41.879633976279315,14.610211778578538
안정형,any_loss,0,0.001,0.05,31.048982263554127,-41.879633976279315,36.13726395863364,-35.94627653057858,33.0096548802429,-41.879633976279315,14.610211778578538
안정형,all_loss,0,0.001,0.05,31.048982263554127,-41.879633976279315,36.13726395863364,-35.94627653057858,33.0096548802429,-41.879633976279315,14.610211778578538
안정형,all_loss,0,0.001,0.15,31.048982263554127,-41.879633976279315,36.13726395863364,-35.94627653057858,33.0096548802429,-41.879633976279315,14.610211778578538
안정형,all_loss,3,0.001,0.1,31.72095147413532,-42.60911720655333,38.058326488338956,-37.83005990909453,34.035257772736905,-42.60911720655333,14.589679196870383
안정형,all_loss,3,0.001,0.15,31.72095147413532,-42.60911720655333,38.058326488338956,-37.83005990909453,34.035257772736905,-42.60911720655333,14.589679196870383
안정형,any_loss,3,0.001,0.05,31.72095147413532,-42.60911720655333,38.058326488338956,-37.83005990909453,34.035257772736905,-42.60911720655333,14.589679196870383
안정형,any_loss,3,0.001,0.15,31.72095147413532,-42.60911720655333,38.058326488338956,-37.83005990909453,34.035257772736905,-42.60911720655333,14.589679196870383
안정형,all_loss,3,0.001,0.05,31.72095147413532,-42.60911720655333,38.058326488338956,-37.83005990909453,34.035257772736905,-42.60911720655333,14.589679196870383
안정형,any_loss,3,0.001,0.1,31.72095147413532,-42.60911720655333,38.058326488338956,-37.83005990909453,34.035257772736905,-42.60911720655333,14.589679196870383
공격형,never,0,0.002,0.1,32.257640116720296,-48.69100900214437,37.59064896707833,-49.87222938655522,34.21128016318868,-49.990946710146886,12.935806733800659
공격형,never,0,0.002,0.05,32.257640116720296,-48.69100900214437,37.59064896707833,-49.87222938655522,34.21128016318868,-49.990946710146886,12.935806733800659
공격형,never,0,0.002,0.15,32.257640116720296,-48.69100900214437,37.59064896707833,-49.87222938655522,34.21128016318868,-49.990946710146886,12.935806733800659
균형형 ⭐ 추천,never,0,0.002,0.15,30.40175777420515,-46.88023421196688,34.40998010398877,-45.53182544426916,31.970178951344064,-46.88023421196688,12.590797984592479
균형형 ⭐ 추천,never,0,0.002,0.05,30.40175777420515,-46.88023421196688,34.40998010398877,-45.53182544426916,31.970178951344064,-46.88023421196688,12.590797984592479
균형형 ⭐ 추천,never,0,0.002,0.1,30.40175777420515,-46.88023421196688,34.40998010398877,-45.53182544426916,31.970178951344064,-46.88023421196688,12.590797984592479
공격형,all_loss,0,0.002,0.1,31.88633327087862,-49.269060565106265,37.66426252211106,-49.84758699897529,34.005079350231625,-49.991601683456224,12.417402583305918
공격형,all_loss,0,0.002,0.15,31.88633327087862,-49.269060565106265,37.66426252211106,-49.84758699897529,34.005079350231625,-49.991601683456224,12.417402583305918
공격형,all_loss,0,0.002,0.05,31.88633327087862,-49.269060565106265,37.66426252211106,-49.84758699897529,34.005079350231625,-49.991601683456224,12.417402583305918
공격형,any_loss,0,0.002,0.15,31.874708356430403,-49.4888845727042,37.66426252211106,-49.84758699897529,33.99625619107156,-49.99203422027568,12.401708948800826
공격형,any_loss,0,0.002,0.05,31.874708356430403,-49.4888845727042,37.66426252211106,-49.84758699897529,33.99625619107156,-49.99203422027568,12.401708948800826
공격형,any_loss,0,0.002,0.1,31.874708356430403,-49.4888845727042,37.66426252211106,-49.84758699897529,33.99625619107156,-49.99203422027568,12.401708948800826
균형형 ⭐ 추천,never,3,0.002,0.1,30.889023904247658,-47.46844684744615,36.36708862139122,-47.48805362086108,32.85030357433038,-47.50432753308155,12.350882485946036
균형형 ⭐ 추천,never,3,0.002,0.15,30.889023904247658,-47.46844684744615,36.36708862139122,-47.48805362086108,32.85030357433038,-47.50432753308155,12.350882485946036
균형형 ⭐ 추천,never,3,0.002,0.05,30.889023904247658,-47.46844684744615,36.36708862139122,-47.48805362086108,32.85030357433038,-47.50432753308155,12.350882485946036
공격형,never,2,0.002,0.1,32.58479219062518,-48.921641949620756,38.82861275091807,-51.589762891638166,34.83853606101728,-51.5412975754466,12.343037982449312
공격형,never,2,0.002,0.15,32.58479219062518,-48.921641949620756,38.82861275091807,-51.589762891638166,34.83853606101728,-51.5412975754466,12.343037982449312
공격형,never,2,0.002,0.05,32.58479219062518,-48.921641949620756,38.82861275091807,-51.589762891638166,34.83853606101728,-51.5412975754466,12.343037982449312
균형형 ⭐ 추천,never,2,0.002,0.05,30.81151452947759,-47.49466717836988,36.20307887960244,-46.93598547584875,32.71754949634571,-47.49466717836988,12.301333494504437
균형형 ⭐ 추천,never,2,0.002,0.1,30.81151452947759,-47.49466717836988,36.20307887960244,-46.93598547584875,32.71754949634571,-47.49466717836988,12.301333494504437
균형형 ⭐ 추천,never,2,0.002,0.15,30.81151452947759,-47.49466717836988,36.20307887960244,-46.93598547584875,32.71754949634571,-47.49466717836988,12.301333494504437
공격형,never,3,0.002,0.15,32.60905738902662,-49.077067484582685,38.979851221110295,-52.07838287600654,34.91654361090512,-52.07894448490799,12.151845541195042
공격형,never,3,0.002,0.1,32.60905738902662,-49.077067484582685,38.979851221110295,-52.07838287600654,34.91654361090512,-52.07894448490799,12.151845541195042
공격형,never,3,0.002,0.05,32.60905738902662,-49.077067484582685,38.979851221110295,-52.07838287600654,34.91654361090512,-52.07894448490799,12.151845541195042
안정성장형,never,0,0.002,0.1,29.141221380791915,-45.60702893700254,32.62053756675773,-43.32191387319638,30.562463079383107,-45.60702893700254,11.961000587752991
안정성장형,never,0,0.002,0.05,29.141221380791915,-45.60702893700254,32.62053756675773,-43.32191387319638,30.562463079383107,-45.60702893700254,11.961000587752991
안정성장형,never,0,0.002,0.15,29.141221380791915,-45.60702893700254,32.62053756675773,-43.32191387319638,30.562463079383107,-45.60702893700254,11.961000587752991
공격형,any_loss,2,0.002,0.15,32.292769537043654,-49.62980951317824,38.82959284321732,-51.587431803721486,34.70149785838936,-51.54148805865487,11.94928024858035
공격형,any_loss,2,0.002,0.1,32.292769537043654,-49.62980951317824,38.82959284321732,-51.587431803721486,34.70149785838936,-51.54148805865487,11.94928024858035
공격형,any_loss,2,0.002,0.05,32.292769537043654,-49.62980951317824,38.82959284321732,-51.587431803721486,34.70149785838936,-51.54148805865487,11.94928024858035
공격형,any_loss,3,0.002,0.15,32.425001400271356,-49.334973724688616,38.977471122088716,-52.08735053997754,34.837725227442775,-52.15931714155321,11.90106430864314
공격형,any_loss,3,0.002,0.05,32.425001400271356,-49.334973724688616,38.977471122088716,-52.08735053997754,34.837725227442775,-52.15931714155321,11.90106430864314
공격형,any_loss,3,0.002,0.1,32.425001400271356,-49.334973724688616,38.977471122088716,-52.08735053997754,34.837725227442775,-52.15931714155321,11.90106430864314
공격형,all_loss,2,0.002,0.05,32.25411336847992,-49.56728140170247,38.82959284321732,-51.587431803721486,34.65949082596771,-51.69211847319336,11.897094421019311
공격형,all_loss,2,0.002,0.1,32.25411336847992,-49.56728140170247,38.82959284321732,-51.587431803721486,34.65949082596771,-51.69211847319336,11.897094421019311
공격형,all_loss,2,0.002,0.15,32.25411336847992,-49.56728140170247,38.82959284321732,-51.587431803721486,34.65949082596771,-51.69211847319336,11.897094421019311
안정성장형,never,2,0.002,0.1,29.62908973441467,-46.20371720788089,34.157989741614344,-44.759232185692476,31.3607997846886,-46.20371720788089,11.872673709136475
안정성장형,never,2,0.002,0.05,29.62908973441467,-46.20371720788089,34.157989741614344,-44.759232185692476,31.3607997846886,-46.20371720788089,11.872673709136475
안정성장형,never,2,0.002,0.15,29.62908973441467,-46.20371720788089,34.157989741614344,-44.759232185692476,31.3607997846886,-46.20371720788089,11.872673709136475
안정성장형,never,3,0.002,0.1,29.704418511726473,-46.25164471677689,34.58353852629017,-45.13811602607384,31.494101110954652,-46.25164471677689,11.808650855757271
안정성장형,never,3,0.002,0.15,29.704418511726473,-46.25164471677689,34.58353852629017,-45.13811602607384,31.494101110954652,-46.25164471677689,11.808650855757271
안정성장형,never,3,0.002,0.05,29.704418511726473,-46.25164471677689,34.58353852629017,-45.13811602607384,31.494101110954652,-46.25164471677689,11.808650855757271
공격형,all_loss,3,0.002,0.05,32.31139726709644,-49.608400196581684,38.977471122088716,-52.08735053997754,34.774922690209294,-52.07992378411513,11.747698728857001
공격형,all_loss,3,0.002,0.15,32.31139726709644,-49.608400196581684,38.977471122088716,-52.08735053997754,34.774922690209294,-52.07992378411513,11.747698728857001
공격형,all_loss,3,0.002,0.1,32.31139726709644,-49.608400196581684,38.977471122088716,-52.08735053997754,34.774922690209294,-52.07992378411513,11.747698728857001
안정형,never,0,0.002,0.15,27.865398228045457,-43.64416378327086,30.91179010753664,-41.14862242187648,29.118640164822285,-43.64416378327086,11.523703746078743
안정형,never,0,0.002,0.1,27.865398228045457,-43.64416378327086,30.91179010753664,-41.14862242187648,29.118640164822285,-43.64416378327086,11.523703746078743
안정형,never,0,0.002,0.05,27.865398228045457,-43.64416378327086,30.91179010753664,-41.14862242187648,29.118640164822285,-43.64416378327086,11.523703746078743
균형형 ⭐ 추천,any_loss,3,0.002,0.1,30.444561764230336,-48.651748770678985,36.447694653774796,-47.479540335265895,32.59065212420349,-48.651748770678985,11.31535318315213
균형형 ⭐ 추천,any_loss,3,0.002,0.05,30.444561764230336,-48.651748770678985,36.447694653774796,-47.479540335265895,32.59065212420349,-48.651748770678985,11.31535318315213
균형형 ⭐ 추천,any_loss,3,0.002,0.15,30.444561764230336,-48.651748770678985,36.447694653774796,-47.479540335265895,32.59065212420349,-48.651748770678985,11.31535318315213
안정형,never,2,0.002,0.05,28.345924998996995,-44.69496270477007,32.33679662989122,-42.40783212385587,29.902721474942574,-44.69496270477007,11.305882981514495
안정형,never,2,0.002,0.15,28.345924998996995,-44.69496270477007,32.33679662989122,-42.40783212385587,29.902721474942574,-44.69496270477007,11.305882981514495
안정형,never,2,0.002,0.1,28.345924998996995,-44.69496270477007,32.33679662989122,-42.40783212385587,29.902721474942574,-44.69496270477007,11.305882981514495
균형형 ⭐ 추천,all_loss,3,0.002,0.15,30.416829158328838,-48.60542246486687,36.447694653774796,-47.479540335265895,32.57493811241097,-48.60542246486687,11.29412837221935
균형형 ⭐ 추천,all_loss,3,0.002,0.1,30.416829158328838,-48.60542246486687,36.447694653774796,-47.479540335265895,32.57493811241097,-48.60542246486687,11.29412837221935
균형형 ⭐ 추천,all_loss,3,0.002,0.05,30.416829158328838,-48.60542246486687,36.447694653774796,-47.479540335265895,32.57493811241097,-48.60542246486687,11.29412837221935
균형형 ⭐ 추천,any_loss,0,0.002,0.1,29.8808263413449,-48.54049547281544,34.533517179098624,-45.4644288211553,31.667164185738272,-48.54049547281544,11.263211132645697
균형형 ⭐ 추천,any_loss,0,0.002,0.05,29.8808263413449,-48.54049547281544,34.533517179098624,-45.4644288211553,31.667164185738272,-48.54049547281544,11.263211132645697
균형형 ⭐ 추천,any_loss,0,0.002,0.15,29.8808263413449,-48.54049547281544,34.533517179098624,-45.4644288211553,31.667164185738272,-48.54049547281544,11.263211132645697
안정형,never,3,0.002,0.05,28.428648512565612,-44.80024005837586,32.673818108113764,-42.945826212626834,30.043589640589197,-44.80024005837586,11.262755133692208
안정형,never,3,0.002,0.1,28.428648512565612,-44.80024005837586,32.673818108113764,-42.945826212626834,30.043589640589197,-44.80024005837586,11.262755133692208
안정형,never,3,0.002,0.15,28.428648512565612,-44.80024005837586,32.673818108113764,-42.945826212626834,30.043589640589197,-44.80024005837586,11.262755133692208
균형형 ⭐ 추천,any_loss,2,0.002,0.1,30.35635690606897,-48.71198804380212,36.22659700597952,-46.95488395921251,32.46485254512792,-48.71198804380212,11.252577055769537
균형형 ⭐ 추천,any_loss,2,0.002,0.15,30.35635690606897,-48.71198804380212,36.22659700597952,-46.95488395921251,32.46485254512792,-48.71198804380212,11.252577055769537
균형형 ⭐ 추천,any_loss,2,0.002,0.05,30.35635690606897,-48.71198804380212,36.22659700597952,-46.95488395921251,32.46485254512792,-48.71198804380212,11.252577055769537
균형형 ⭐ 추천,all_loss,0,0.002,0.15,29.841472207166355,-48.545225746541234,34.533517179098624,-45.4644288211553,31.641439939397543,-48.545225746541234,11.20842745570063
균형형 ⭐ 추천,all_loss,0,0.002,0.1,29.841472207166355,-48.545225746541234,34.533517179098624,-45.4644288211553,31.641439939397543,-48.545225746541234,11.20842745570063
균형형 ⭐ 추천,all_loss,0,0.002,0.05,29.841472207166355,-48.545225746541234,34.533517179098624,-45.4644288211553,31.641439939397543,-48.545225746541234,11.20842745570063
균형형 ⭐ 추천,all_loss,2,0.002,0.1,30.319193740719562,-48.70021107690061,36.22659700597952,-46.95488395921251,32.427675258508515,-48.70021107690061,11.206528720963366
균형형 ⭐ 추천,all_loss,2,0.002,0.05,30.319193740719562,-48.70021107690061,36.22659700597952,-46.95488395921251,32.427675258508515,-48.70021107690061,11.206528720963366
균형형 ⭐ 추천,all_loss,2,0.002,0.15,30.319193740719562,-48.70021107690061,36.22659700597952,-46.95488395921251,32.427675258508515,-48.70021107690061,11.206528720963366
안정성장형,any_loss,3,0.002,0.15,29.23624398820166,-48.17715491650506,34.71602167907169,-45.176583854041006,31.231248966289037,-48.17715491650506,10.456317575620384
안정성장형,any_loss,3,0.002,0.05,29.23624398820166,-48.17715491650506,34.71602167907169,-45.176583854041006,31.231248966289037,-48.17715491650506,10.456317575620384
안정성장형,any_loss,3,0.002,0.1,29.23624398820166,-48.17715491650506,34.71602167907169,-45.176583854041006,31.231248966289037,-48.17715491650506,10.456317575620384
안정성장형,all_loss,3,0.002,0.1,29.1932862360651,-48.2196725620719,34.71602167907169,-45.176583854041006,31.18350877240248,-48.2196725620719,10.383443434287628
안정성장형,all_loss,3,0.002,0.05,29.1932862360651,-48.2196725620719,34.71602167907169,-45.176583854041006,31.18350877240248,-48.2196725620719,10.383443434287628
안정성장형,all_loss,3,0.002,0.15,29.1932862360651,-48.2196725620719,34.71602167907169,-45.176583854041006,31.18350877240248,-48.2196725620719,10.383443434287628
안정성장형,any_loss,0,0.002,0.05,28.550716211293036,-47.7443705118881,32.74579883726323,-43.26116982307849,30.209246312725302,-47.7443705118881,10.371907613042634
안정성장형,any_loss,0,0.002,0.1,28.550716211293036,-47.7443705118881,32.74579883726323,-43.26116982307849,30.209246312725302,-47.7443705118881,10.371907613042634
안정성장형,any_loss,0,0.002,0.15,28.550716211293036,-47.7443705118881,32.74579883726323,-43.26116982307849,30.209246312725302,-47.7443705118881,10.371907613042634
안정성장형,any_loss,2,0.002,0.05,29.04751816634159,-48.23684300595248,34.188445931781295,-44.77316996487131,31.016995282271665,-48.23684300595248,10.365298396354326
안정성장형,any_loss,2,0.002,0.15,29.04751816634159,-48.23684300595248,34.188445931781295,-44.77316996487131,31.016995282271665,-48.23684300595248,10.365298396354326
안정성장형,any_loss,2,0.002,0.1,29.04751816634159,-48.23684300595248,34.188445931781295,-44.77316996487131,31.016995282271665,-48.23684300595248,10.365298396354326
안정성장형,all_loss,2,0.002,0.15,29.029080818866106,-48.19515017060484,34.188445931781295,-44.77316996487131,31.003470699348014,-48.19515017060484,10.355000469634096
안정성장형,all_loss,2,0.002,0.1,29.029080818866106,-48.19515017060484,34.188445931781295,-44.77316996487131,31.003470699348014,-48.19515017060484,10.355000469634096
안정성장형,all_loss,2,0.002,0.05,29.029080818866106,-48.19515017060484,34.188445931781295,-44.77316996487131,31.003470699348014,-48.19515017060484,10.355000469634096
안정성장형,all_loss,0,0.002,0.05,28.51295833469365,-47.74824781433693,32.74579883726323,-43.26116982307849,30.18193321493856,-47.74824781433693,10.319577423776373
안정성장형,all_loss,0,0.002,0.15,28.51295833469365,-47.74824781433693,32.74579883726323,-43.26116982307849,30.18193321493856,-47.74824781433693,10.319577423776373
안정성장형,all_loss,0,0.002,0.1,28.51295833469365,-47.74824781433693,32.74579883726323,-43.26116982307849,30.18193321493856,-47.74824781433693,10.319577423776373
안정형,any_loss,0,0.002,0.1,27.29554919804258,-46.2421917531566,31.03299009960263,-41.11066179967034,28.77686839228486,-46.2421917531566,9.802677768891755
안정형,any_loss,0,0.002,0.15,27.29554919804258,-46.2421917531566,31.03299009960263,-41.11066179967034,28.77686839228486,-46.2421917531566,9.802677768891755
안정형,any_loss,0,0.002,0.05,27.29554919804258,-46.2421917531566,31.03299009960263,-41.11066179967034,28.77686839228486,-46.2421917531566,9.802677768891755
안정형,all_loss,0,0.002,0.15,27.26104498505213,-46.24364398250413,31.03299009960263,-41.11066179967034,28.754409816069227,-46.24364398250413,9.755588801083011
안정형,all_loss,0,0.002,0.1,27.26104498505213,-46.24364398250413,31.03299009960263,-41.11066179967034,28.754409816069227,-46.24364398250413,9.755588801083011
안정형,all_loss,0,0.002,0.05,27.26104498505213,-46.24364398250413,31.03299009960263,-41.11066179967034,28.754409816069227,-46.24364398250413,9.755588801083011
안정형,any_loss,2,0.002,0.1,27.7783687243508,-46.980446569223375,32.34760684241689,-42.415404825310674,29.55900831518672,-46.980446569223375,9.735979083799485
안정형,any_loss,2,0.002,0.15,27.7783687243508,-46.980446569223375,32.34760684241689,-42.415404825310674,29.55900831518672,-46.980446569223375,9.735979083799485
안정형,any_loss,2,0.002,0.05,27.7783687243508,-46.980446569223375,32.34760684241689,-42.415404825310674,29.55900831518672,-46.980446569223375,9.735979083799485
안정형,any_loss,3,0.002,0.15,27.839549153357957,-47.05021311610309,32.764232101343026,-42.89761964236202,29.679876739754363,-47.05021311610309,9.648335530927104
안정형,any_loss,3,0.002,0.1,27.839549153357957,-47.05021311610309,32.764232101343026,-42.89761964236202,29.679876739754363,-47.05021311610309,9.648335530927104
안정형,any_loss,3,0.002,0.05,27.839549153357957,-47.05021311610309,32.764232101343026,-42.89761964236202,29.679876739754363,-47.05021311610309,9.648335530927104
안정형,all_loss,2,0.002,0.05,27.71637654663628,-47.02473643916657,32.34760684241689,-42.415404825310674,29.523589371041048,-47.02473643916657,9.636788189404768
안정형,all_loss,2,0.002,0.1,27.71637654663628,-47.02473643916657,32.34760684241689,-42.415404825310674,29.523589371041048,-47.02473643916657,9.636788189404768
안정형,all_loss,2,0.002,0.15,27.71637654663628,-47.02473643916657,32.34760684241689,-42.415404825310674,29.523589371041048,-47.02473643916657,9.636788189404768
안정형,all_loss,3,0.002,0.15,27.806248734369056,-47.04229809660757,32.764232101343026,-42.89761964236202,29.658924174767275,-47.04229809660757,9.60615022211552
안정형,all_loss,3,0.002,0.05,27.806248734369056,-47.04229809660757,32.764232101343026,-42.89761964236202,29.658924174767275,-47.04229809660757,9.60615022211552
안정형,all_loss,3,0.002,0.1,27.806248734369056,-47.04229809660757,32.764232101343026,-42.89761964236202,29.658924174767275,-47.04229809660757,9.60615022211552
간편형,any_loss,3,0.002,0.1,27.727410561320443,-46.7388988521308,36.22389040376133,-42.27046084673708,30.858468877785008,-46.7388988521308,8.395028018220353
간편형,any_loss,3,0.002,0.05,27.727410561320443,-46.7388988521308,36.22389040376133,-42.27046084673708,30.858468877785008,-46.7388988521308,8.395028018220353
간편형,any_loss,3,0.002,0.15,27.727410561320443,-46.7388988521308,36.22389040376133,-42.27046084673708,30.858468877785008,-46.7388988521308,8.395028018220353
간편형,never,3,0.002,0.1,27.703918329686907,-46.932957555348636,36.162176766094966,-42.0899157013425,30.828188645464728,-46.932957555348636,8.316992732572064
간편형,never,3,0.002,0.15,27.703918329686907,-46.932957555348636,36.162176766094966,-42.0899157013425,30.828188645464728,-46.932957555348636,8.316992732572064
간편형,never,3,0.002,0.05,27.703918329686907,-46.932957555348636,36.162176766094966,-42.0899157013425,30.828188645464728,-46.932957555348636,8.316992732572064
간편형,any_loss,2,0.002,0.05,27.64687278120068,-46.7399214914959,36.163876815045185,-41.765624195284126,30.7509684994248,-46.7399214914959,8.30694884733154
간편형,any_loss,2,0.002,0.1,27.64687278120068,-46.7399214914959,36.163876815045185,-41.765624195284126,30.7509684994248,-46.7399214914959,8.30694884733154
간편형,any_loss,2,0.002,0.15,27.64687278120068,-46.7399214914959,36.163876815045185,-41.765624195284126,30.7509684994248,-46.7399214914959,8.30694884733154
간편형,all_loss,3,0.002,0.05,27.65754059873311,-46.73826545871017,36.22389040376133,-42.27046084673708,30.81189292689661,-46.73826545871017,8.300925256424676
간편형,all_loss,3,0.002,0.15,27.65754059873311,-46.73826545871017,36.22389040376133,-42.27046084673708,30.81189292689661,-46.73826545871017,8.300925256424676
간편형,all_loss,3,0.002,0.1,27.65754059873311,-46.73826545871017,36.22389040376133,-42.27046084673708,30.81189292689661,-46.73826545871017,8.300925256424676
간편형,never,2,0.002,0.1,27.618357395760505,-46.9334066370118,35.96633681213035,-41.61008583572563,30.70056129721104,-46.9334066370118,8.269872277076932
간편형,never,2,0.002,0.05,27.618357395760505,-46.9334066370118,35.96633681213035,-41.61008583572563,30.70056129721104,-46.9334066370118,8.269872277076932
간편형,never,2,0.002,0.15,27.618357395760505,-46.9334066370118,35.96633681213035,-41.61008583572563,30.70056129721104,-46.9334066370118,8.269872277076932
간편형,all_loss,2,0.002,0.15,27.57415756149868,-46.74141316716348,36.163876815045185,-41.765624195284126,30.704813185689584,-46.74141316716348,8.208261214250188
간편형,all_loss,2,0.002,0.05,27.57415756149868,-46.74141316716348,36.163876815045185,-41.765624195284126,30.704813185689584,-46.74141316716348,8.208261214250188
간편형,all_loss,2,0.002,0.1,27.57415756149868,-46.74141316716348,36.163876815045185,-41.765624195284126,30.704813185689584,-46.74141316716348,8.208261214250188
간편형,any_loss,0,0.002,0.1,27.168945116622577,-46.72418891413689,34.712050821821116,-40.435894600047526,30.04768539238927,-46.72418891413689,8.17539199985518
간편형,any_loss,0,0.002,0.05,27.168945116622577,-46.72418891413689,34.712050821821116,-40.435894600047526,30.04768539238927,-46.72418891413689,8.17539199985518
간편형,any_loss,0,0.002,0.15,27.168945116622577,-46.72418891413689,34.712050821821116,-40.435894600047526,30.04768539238927,-46.72418891413689,8.17539199985518
간편형,never,0,0.002,0.1,27.141743213779822,-46.91596549367486,34.67532126341144,-40.29893383825439,29.99494888538825,-46.91596549367486,8.084402973622556
간편형,never,0,0.002,0.05,27.141743213779822,-46.91596549367486,34.67532126341144,-40.29893383825439,29.99494888538825,-46.91596549367486,8.084402973622556
간편형,never,0,0.002,0.15,27.141743213779822,-46.91596549367486,34.67532126341144,-40.29893383825439,29.99494888538825,-46.91596549367486,8.084402973622556
간편형,all_loss,0,0.002,0.1,27.097478179918788,-46.72101759950973,34.712050821821116,-40.435894600047526,30.004008907247815,-46.72101759950973,8.08002159542457
간편형,all_loss,0,0.002,0.05,27.097478179918788,-46.72101759950973,34.712050821821116,-40.435894600047526,30.004008907247815,-46.72101759950973,8.08002159542457
간편형,all_loss,0,0.002,0.15,27.097478179918788,-46.72101759950973,34.712050821821116,-40.435894600047526,30.004008907247815,-46.72101759950973,8.08002159542457
간편형,any_loss,0,0.003,0.1,23.891982977027702,-47.838361096755875,31.594933571753824,-45.59157295478767,26.819408686685755,-47.838361096755875,4.452523885009004
간편형,any_loss,0,0.003,0.15,23.891982977027702,-47.838361096755875,31.594933571753824,-45.59157295478767,26.819408686685755,-47.838361096755875,4.452523885009004
간편형,any_loss,0,0.003,0.05,23.891982977027702,-47.838361096755875,31.594933571753824,-45.59157295478767,26.819408686685755,-47.838361096755875,4.452523885009004
간편형,all_loss,0,0.003,0.15,23.870836196125666,-47.84532312187835,31.594933571753824,-45.59157295478767,26.81479735332899,-47.84532312187835,4.421539021998387
간편형,all_loss,0,0.003,0.1,23.870836196125666,-47.84532312187835,31.594933571753824,-45.59157295478767,26.81479735332899,-47.84532312187835,4.421539021998387
간편형,all_loss,0,0.003,0.05,23.870836196125666,-47.84532312187835,31.594933571753824,-45.59157295478767,26.81479735332899,-47.84532312187835,4.421539021998387
간편형,any_loss,2,0.003,0.15,24.22588980418856,-48.03970130290296,32.81060144635954,-46.94573913115939,27.38811595657613,-48.03970130290296,4.407345273412684
간편형,any_loss,2,0.003,0.1,24.22588980418856,-48.03970130290296,32.81060144635954,-46.94573913115939,27.38811595657613,-48.03970130290296,4.407345273412684
간편형,any_loss,2,0.003,0.05,24.22588980418856,-48.03970130290296,32.81060144635954,-46.94573913115939,27.38811595657613,-48.03970130290296,4.407345273412684
간편형,all_loss,2,0.003,0.15,24.19865170689861,-48.03255333564119,32.81060144635954,-46.94573913115939,27.375839840760506,-48.03255333564119,4.373075630612867
간편형,all_loss,2,0.003,0.05,24.19865170689861,-48.03255333564119,32.81060144635954,-46.94573913115939,27.375839840760506,-48.03255333564119,4.373075630612867
간편형,all_loss,2,0.003,0.1,24.19865170689861,-48.03255333564119,32.81060144635954,-46.94573913115939,27.375839840760506,-48.03255333564119,4.373075630612867
간편형,any_loss,3,0.003,0.1,24.240725249283667,-48.02435461437877,33.080152425433965,-47.380282512996466,27.457264980280026,-48.02435461437877,4.338401622598494
간편형,any_loss,3,0.003,0.15,24.240725249283667,-48.02435461437877,33.080152425433965,-47.380282512996466,27.457264980280026,-48.02435461437877,4.338401622598494
간편형,any_loss,3,0.003,0.05,24.240725249283667,-48.02435461437877,33.080152425433965,-47.380282512996466,27.457264980280026,-48.02435461437877,4.338401622598494
간편형,all_loss,3,0.003,0.15,24.2014567403833,-48.02571818089017,33.080152425433965,-47.380282512996466,27.437766174415156,-48.02571818089017,4.284911887304008
간편형,all_loss,3,0.003,0.05,24.2014567403833,-48.02571818089017,33.080152425433965,-47.380282512996466,27.437766174415156,-48.02571818089017,4.284911887304008
간편형,all_loss,3,0.003,0.1,24.2014567403833,-48.02571818089017,33.080152425433965,-47.380282512996466,27.437766174415156,-48.02571818089017,4.284911887304008
공격형,any_loss,0,0.003,0.1,25.498706146581117,-49.92591502642709,36.59157617153317,-49.93913116459196,29.465099062207912,-50.05465613901169,4.137505730240713
공격형,any_loss,0,0.003,0.15,25.498706146581117,-49.92591502642709,36.59157617153317,-49.93913116459196,29.465099062207912,-50.05465613901169,4.137505730240713
공격형,any_loss,0,0.003,0.05,25.498706146581117,-49.92591502642709,36.59157617153317,-49.93913116459196,29.465099062207912,-50.05465613901169,4.137505730240713
공격형,never,0,0.003,0.05,25.413294063616497,-49.159373906053155,36.5379869206802,-49.904288228845054,29.37091501223823,-50.057327554846744,4.053150683548434
공격형,never,0,0.003,0.15,25.413294063616497,-49.159373906053155,36.5379869206802,-49.904288228845054,29.37091501223823,-50.057327554846744,4.053150683548434
공격형,never,0,0.003,0.1,25.413294063616497,-49.159373906053155,36.5379869206802,-49.904288228845054,29.37091501223823,-50.057327554846744,4.053150683548434
공격형,all_loss,0,0.003,0.1,25.409891129103524,-49.92640539150556,36.59157617153317,-49.93913116459196,29.408702761078654,-50.049973317779106,4.017605456645963
공격형,all_loss,0,0.003,0.15,25.409891129103524,-49.92640539150556,36.59157617153317,-49.93913116459196,29.408702761078654,-50.049973317779106,4.017605456645963
공격형,all_loss,0,0.003,0.05,25.409891129103524,-49.92640539150556,36.59157617153317,-49.93913116459196,29.408702761078654,-50.049973317779106,4.017605456645963
안정형,never,0,0.003,0.05,22.281537873457722,-44.49997794274494,30.014003870252747,-41.20889905850087,25.11690228622385,-44.49997794274494,4.000182494618736
안정형,never,0,0.003,0.1,22.281537873457722,-44.49997794274494,30.014003870252747,-41.20889905850087,25.11690228622385,-44.49997794274494,4.000182494618736
안정형,never,0,0.003,0.15,22.281537873457722,-44.49997794274494,30.014003870252747,-41.20889905850087,25.11690228622385,-44.49997794274494,4.000182494618736
간편형,never,0,0.003,0.15,23.568656497714823,-48.134517267621845,31.455968232075836,-45.58438950140942,26.578841487951465,-48.134517267621845,3.9610163470208253
간편형,never,0,0.003,0.05,23.568656497714823,-48.134517267621845,31.455968232075836,-45.58438950140942,26.578841487951465,-48.134517267621845,3.9610163470208253
간편형,never,0,0.003,0.1,23.568656497714823,-48.134517267621845,31.455968232075836,-45.58438950140942,26.578841487951465,-48.134517267621845,3.9610163470208253
간편형,never,3,0.003,0.1,23.932963040641543,-48.30376239921917,32.95229265659214,-47.36505783736197,27.222047528247263,-48.30376239921917,3.8698808353321263
간편형,never,3,0.003,0.15,23.932963040641543,-48.30376239921917,32.95229265659214,-47.36505783736197,27.222047528247263,-48.30376239921917,3.8698808353321263
간편형,never,3,0.003,0.05,23.932963040641543,-48.30376239921917,32.95229265659214,-47.36505783736197,27.222047528247263,-48.30376239921917,3.8698808353321263
간편형,never,2,0.003,0.1,23.887059482053253,-48.320543162696104,32.758534336688136,-46.94739920788816,27.146211842269487,-48.320543162696104,3.8698531759874073
간편형,never,2,0.003,0.15,23.887059482053253,-48.320543162696104,32.758534336688136,-46.94739920788816,27.146211842269487,-48.320543162696104,3.8698531759874073
간편형,never,2,0.003,0.05,23.887059482053253,-48.320543162696104,32.758534336688136,-46.94739920788816,27.146211842269487,-48.320543162696104,3.8698531759874073
안정성장형,never,0,0.003,0.05,23.104529142524257,-46.39451612841608,31.7197352468257,-43.37600876732601,26.290771133343107,-46.39451612841608,3.851126361073126
안정성장형,never,0,0.003,0.1,23.104529142524257,-46.39451612841608,31.7197352468257,-43.37600876732601,26.290771133343107,-46.39451612841608,3.851126361073126
안정성장형,never,0,0.003,0.15,23.104529142524257,-46.39451612841608,31.7197352468257,-43.37600876732601,26.290771133343107,-46.39451612841608,3.851126361073126
균형형 ⭐ 추천,never,0,0.003,0.05,23.8001912294068,-47.72932143162328,33.33310802904934,-45.55693661249418,27.307567970771963,-47.72932143162328,3.7584078484637615
균형형 ⭐ 추천,never,0,0.003,0.15,23.8001912294068,-47.72932143162328,33.33310802904934,-45.55693661249418,27.307567970771963,-47.72932143162328,3.7584078484637615
균형형 ⭐ 추천,never,0,0.003,0.1,23.8001912294068,-47.72932143162328,33.33310802904934,-45.55693661249418,27.307567970771963,-47.72932143162328,3.7584078484637615
안정형,never,2,0.003,0.15,22.661553660394553,-45.467661483034114,31.40635925206152,-42.56658058876848,25.850783667436026,-45.467661483034114,3.6871901842491757
안정형,never,2,0.003,0.05,22.661553660394553,-45.467661483034114,31.40635925206152,-42.56658058876848,25.850783667436026,-45.467661483034114,3.6871901842491757
안정형,never,2,0.003,0.1,22.661553660394553,-45.467661483034114,31.40635925206152,-42.56658058876848,25.850783667436026,-45.467661483034114,3.6871901842491757
안정형,never,3,0.003,0.05,22.708469091436847,-45.42183260344721,31.650791931128698,-43.1610375182199,25.95837539681094,-45.42183260344721,3.6810146863381776
안정형,never,3,0.003,0.1,22.708469091436847,-45.42183260344721,31.650791931128698,-43.1610375182199,25.95837539681094,-45.42183260344721,3.6810146863381776
안정형,never,3,0.003,0.15,22.708469091436847,-45.42183260344721,31.650791931128698,-43.1610375182199,25.95837539681094,-45.42183260344721,3.6810146863381776
안정성장형,never,2,0.003,0.15,23.413781230514342,-46.933479787128356,33.33302147052508,-44.79758013186185,26.967051718983992,-46.933479787128356,3.5153292210156595
안정성장형,never,2,0.003,0.05,23.413781230514342,-46.933479787128356,33.33302147052508,-44.79758013186185,26.967051718983992,-46.933479787128356,3.5153292210156595
안정성장형,never,2,0.003,0.1,23.413781230514342,-46.933479787128356,33.33302147052508,-44.79758013186185,26.967051718983992,-46.933479787128356,3.5153292210156595
균형형 ⭐ 추천,never,2,0.003,0.15,24.111195985087154,-48.125667110410376,34.860084510893685,-47.080417168147484,27.962948927722465,-48.125667110410376,3.5051015124112377
균형형 ⭐ 추천,never,2,0.003,0.05,24.111195985087154,-48.125667110410376,34.860084510893685,-47.080417168147484,27.962948927722465,-48.125667110410376,3.5051015124112377
균형형 ⭐ 추천,never,2,0.003,0.1,24.111195985087154,-48.125667110410376,34.860084510893685,-47.080417168147484,27.962948927722465,-48.125667110410376,3.5051015124112377
균형형 ⭐ 추천,never,3,0.003,0.05,24.150412710762946,-48.11567329663681,35.03428954305956,-47.57661392649754,28.059151125847002,-48.11567329663681,3.5005701656362516
균형형 ⭐ 추천,never,3,0.003,0.15,24.150412710762946,-48.11567329663681,35.03428954305956,-47.57661392649754,28.059151125847002,-48.11567329663681,3.5005701656362516
균형형 ⭐ 추천,never,3,0.003,0.1,24.150412710762946,-48.11567329663681,35.03428954305956,-47.57661392649754,28.059151125847002,-48.11567329663681,3.5005701656362516
안정성장형,never,3,0.003,0.1,23.42014724529853,-46.959615922877454,33.448429248326605,-45.25926720644983,27.03959568801253,-46.959615922877454,3.4743829712315977
안정성장형,never,3,0.003,0.05,23.42014724529853,-46.959615922877454,33.448429248326605,-45.25926720644983,27.03959568801253,-46.959615922877454,3.4743829712315977
안정성장형,never,3,0.003,0.15,23.42014724529853,-46.959615922877454,33.448429248326605,-45.25926720644983,27.03959568801253,-46.959615922877454,3.4743829712315977
공격형,any_loss,2,0.003,0.05,25.69791623072497,-51.28141536506838,37.74931518943858,-51.554672017630544,29.984554060467516,-51.740375867760925,3.4357913890045166
공격형,any_loss,2,0.003,0.1,25.69791623072497,-51.28141536506838,37.74931518943858,-51.554672017630544,29.984554060467516,-51.740375867760925,3.4357913890045166
공격형,any_loss,2,0.003,0.15,25.69791623072497,-51.28141536506838,37.74931518943858,-51.554672017630544,29.984554060467516,-51.740375867760925,3.4357913890045166
공격형,all_loss,2,0.003,0.15,25.605555146723336,-51.304978611479434,37.74931518943858,-51.554672017630544,29.921263423496704,-51.74136495636085,3.3111039256023105
공격형,all_loss,2,0.003,0.1,25.605555146723336,-51.304978611479434,37.74931518943858,-51.554672017630544,29.921263423496704,-51.74136495636085,3.3111039256023105
공격형,all_loss,2,0.003,0.05,25.605555146723336,-51.304978611479434,37.74931518943858,-51.554672017630544,29.921263423496704,-51.74136495636085,3.3111039256023105
공격형,never,2,0.003,0.15,25.572376781904225,-50.88281283731225,37.71367918655641,-51.590031462082486,29.86601325200553,-51.7358335816647,3.266409928547091
공격형,never,2,0.003,0.05,25.572376781904225,-50.88281283731225,37.71367918655641,-51.590031462082486,29.86601325200553,-51.7358335816647,3.266409928547091
공격형,never,2,0.003,0.1,25.572376781904225,-50.88281283731225,37.71367918655641,-51.590031462082486,29.86601325200553,-51.7358335816647,3.266409928547091
공격형,any_loss,3,0.003,0.1,25.70847162141543,-51.886480239592295,37.792972783147945,-52.16471699236088,30.053603217405577,-52.251408383155606,3.2212452674827423
공격형,any_loss,3,0.003,0.15,25.70847162141543,-51.886480239592295,37.792972783147945,-52.16471699236088,30.053603217405577,-52.251408383155606,3.2212452674827423
공격형,any_loss,3,0.003,0.05,25.70847162141543,-51.886480239592295,37.792972783147945,-52.16471699236088,30.053603217405577,-52.251408383155606,3.2212452674827423
균형형 ⭐ 추천,any_loss,0,0.003,0.1,23.76122959925999,-49.273169410183236,33.495111459504926,-45.56031572494579,27.308359324263698,-49.273169410183236,3.108761654610131
균형형 ⭐ 추천,any_loss,0,0.003,0.05,23.76122959925999,-49.273169410183236,33.495111459504926,-45.56031572494579,27.308359324263698,-49.273169410183236,3.108761654610131
균형형 ⭐ 추천,any_loss,0,0.003,0.15,23.76122959925999,-49.273169410183236,33.495111459504926,-45.56031572494579,27.308359324263698,-49.273169410183236,3.108761654610131
공격형,all_loss,3,0.003,0.1,25.623120221961358,-51.8703924295168,37.792972783147945,-52.16471699236088,29.99358612873817,-52.25127945851954,3.106020878219745
공격형,all_loss,3,0.003,0.15,25.623120221961358,-51.8703924295168,37.792972783147945,-52.16471699236088,29.99358612873817,-52.25127945851954,3.106020878219745
공격형,all_loss,3,0.003,0.05,25.623120221961358,-51.8703924295168,37.792972783147945,-52.16471699236088,29.99358612873817,-52.25127945851954,3.106020878219745
균형형 ⭐ 추천,any_loss,2,0.003,0.05,24.11120089187724,-49.37677921513981,34.99216460511836,-47.02589106363022,27.987406351108348,-49.37677921513981,3.0209908669439143
균형형 ⭐ 추천,any_loss,2,0.003,0.1,24.11120089187724,-49.37677921513981,34.99216460511836,-47.02589106363022,27.987406351108348,-49.37677921513981,3.0209908669439143
균형형 ⭐ 추천,any_loss,2,0.003,0.15,24.11120089187724,-49.37677921513981,34.99216460511836,-47.02589106363022,27.987406351108348,-49.37677921513981,3.0209908669439143
균형형 ⭐ 추천,all_loss,0,0.003,0.15,23.683006383294458,-49.27693428138916,33.495111459504926,-45.56031572494579,27.260205846681608,-49.27693428138916,3.001842608134589
균형형 ⭐ 추천,all_loss,0,0.003,0.05,23.683006383294458,-49.27693428138916,33.495111459504926,-45.56031572494579,27.260205846681608,-49.27693428138916,3.001842608134589
균형형 ⭐ 추천,all_loss,0,0.003,0.1,23.683006383294458,-49.27693428138916,33.495111459504926,-45.56031572494579,27.260205846681608,-49.27693428138916,3.001842608134589
공격형,never,3,0.003,0.15,25.573885488925363,-51.52465082048906,37.92059284785001,-52.16501807752224,29.933505498530867,-52.253227352896346,2.994781586168955
공격형,never,3,0.003,0.05,25.573885488925363,-51.52465082048906,37.92059284785001,-52.16501807752224,29.933505498530867,-52.253227352896346,2.994781586168955
공격형,never,3,0.003,0.1,25.573885488925363,-51.52465082048906,37.92059284785001,-52.16501807752224,29.933505498530867,-52.253227352896346,2.994781586168955
균형형 ⭐ 추천,any_loss,3,0.003,0.15,24.150304623256027,-49.34751391000786,35.24891761400974,-47.55379136738848,28.08939988596144,-49.34751391000786,2.994160207989477
균형형 ⭐ 추천,any_loss,3,0.003,0.1,24.150304623256027,-49.34751391000786,35.24891761400974,-47.55379136738848,28.08939988596144,-49.34751391000786,2.994160207989477
균형형 ⭐ 추천,any_loss,3,0.003,0.05,24.150304623256027,-49.34751391000786,35.24891761400974,-47.55379136738848,28.08939988596144,-49.34751391000786,2.994160207989477
균형형 ⭐ 추천,all_loss,3,0.003,0.15,24.071608742846905,-49.32631089689756,35.24891761400974,-47.55379136738848,28.042770390562243,-49.32631089689756,2.895341824025768
균형형 ⭐ 추천,all_loss,3,0.003,0.05,24.071608742846905,-49.32631089689756,35.24891761400974,-47.55379136738848,28.042770390562243,-49.32631089689756,2.895341824025768
균형형 ⭐ 추천,all_loss,3,0.003,0.1,24.071608742846905,-49.32631089689756,35.24891761400974,-47.55379136738848,28.042770390562243,-49.32631089689756,2.895341824025768
균형형 ⭐ 추천,all_loss,2,0.003,0.1,24.02108942522505,-49.42059869388798,34.99216460511836,-47.02589106363022,27.930282596751944,-49.42059869388798,2.8840035694015995
균형형 ⭐ 추천,all_loss,2,0.003,0.05,24.02108942522505,-49.42059869388798,34.99216460511836,-47.02589106363022,27.930282596751944,-49.42059869388798,2.8840035694015995
균형형 ⭐ 추천,all_loss,2,0.003,0.15,24.02108942522505,-49.42059869388798,34.99216460511836,-47.02589106363022,27.930282596751944,-49.42059869388798,2.8840035694015995
안정성장형,any_loss,0,0.003,0.05,22.858225766730243,-48.63197916365464,31.757337851887634,-43.37760083110286,26.16001996863977,-48.63197916365464,2.7223438296460327
안정성장형,any_loss,0,0.003,0.15,22.858225766730243,-48.63197916365464,31.757337851887634,-43.37760083110286,26.16001996863977,-48.63197916365464,2.7223438296460327
안정성장형,any_loss,0,0.003,0.1,22.858225766730243,-48.63197916365464,31.757337851887634,-43.37760083110286,26.16001996863977,-48.63197916365464,2.7223438296460327
안정형,any_loss,0,0.003,0.1,22.01138469823276,-47.18312854094501,30.025805904587056,-41.193821718072435,24.96556832461927,-47.18312854094501,2.6922422866780025
안정형,any_loss,0,0.003,0.15,22.01138469823276,-47.18312854094501,30.025805904587056,-41.193821718072435,24.96556832461927,-47.18312854094501,2.6922422866780025
안정형,any_loss,0,0.003,0.05,22.01138469823276,-47.18312854094501,30.025805904587056,-41.193821718072435,24.96556832461927,-47.18312854094501,2.6922422866780025
안정성장형,all_loss,0,0.003,0.1,22.782353061309557,-48.634529535968035,31.757337851887634,-43.37760083110286,26.103237178048055,-48.634529535968035,2.619023047018418
안정성장형,all_loss,0,0.003,0.05,22.782353061309557,-48.634529535968035,31.757337851887634,-43.37760083110286,26.103237178048055,-48.634529535968035,2.619023047018418
안정성장형,all_loss,0,0.003,0.15,22.782353061309557,-48.634529535968035,31.757337851887634,-43.37760083110286,26.103237178048055,-48.634529535968035,2.619023047018418
안정형,all_loss,0,0.003,0.1,21.947574075984576,-47.164730354243055,30.025805904587056,-41.193821718072435,24.920924888931005,-47.164730354243055,2.612537311988639
안정형,all_loss,0,0.003,0.05,21.947574075984576,-47.164730354243055,30.025805904587056,-41.193821718072435,24.920924888931005,-47.164730354243055,2.612537311988639
안정형,all_loss,0,0.003,0.15,21.947574075984576,-47.164730354243055,30.025805904587056,-41.193821718072435,24.920924888931005,-47.164730354243055,2.612537311988639
안정성장형,any_loss,2,0.003,0.05,23.242599434159985,-49.01639954594727,33.341780448842904,-44.78375569336166,26.865841682312453,-49.01639954594727,2.5521462379394184
안정성장형,any_loss,2,0.003,0.15,23.242599434159985,-49.01639954594727,33.341780448842904,-44.78375569336166,26.865841682312453,-49.01639954594727,2.5521462379394184
안정성장형,any_loss,2,0.003,0.1,23.242599434159985,-49.01639954594727,33.341780448842904,-44.78375569336166,26.865841682312453,-49.01639954594727,2.5521462379394184
안정성장형,any_loss,3,0.003,0.15,23.288658015284327,-48.95808198476506,33.611896770070906,-45.27970623956646,26.97612896654391,-48.95808198476506,2.540195756441254
안정성장형,any_loss,3,0.003,0.1,23.288658015284327,-48.95808198476506,33.611896770070906,-45.27970623956646,26.97612896654391,-48.95808198476506,2.540195756441254
안정성장형,any_loss,3,0.003,0.05,23.288658015284327,-48.95808198476506,33.611896770070906,-45.27970623956646,26.97612896654391,-48.95808198476506,2.540195756441254
안정성장형,all_loss,2,0.003,0.05,23.166677984907924,-49.02025236513886,33.341780448842904,-44.78375569336166,26.80361977138215,-49.02025236513886,2.4483037947320807
안정성장형,all_loss,2,0.003,0.15,23.166677984907924,-49.02025236513886,33.341780448842904,-44.78375569336166,26.80361977138215,-49.02025236513886,2.4483037947320807
안정성장형,all_loss,2,0.003,0.1,23.166677984907924,-49.02025236513886,33.341780448842904,-44.78375569336166,26.80361977138215,-49.02025236513886,2.4483037947320807
안정형,any_loss,2,0.003,0.1,22.370601753960727,-47.92618814728458,31.406168090826547,-42.66942115235744,25.686749212877412,-47.92618814728458,2.43398768450809
안정형,any_loss,2,0.003,0.15,22.370601753960727,-47.92618814728458,31.406168090826547,-42.66942115235744,25.686749212877412,-47.92618814728458,2.43398768450809
안정형,any_loss,2,0.003,0.05,22.370601753960727,-47.92618814728458,31.406168090826547,-42.66942115235744,25.686749212877412,-47.92618814728458,2.43398768450809
안정형,any_loss,3,0.003,0.1,22.413121439156235,-47.79747126846412,31.74808970094636,-43.03133482803012,25.785426073324082,-47.79747126846412,2.4167676035672487
안정형,any_loss,3,0.003,0.15,22.413121439156235,-47.79747126846412,31.74808970094636,-43.03133482803012,25.785426073324082,-47.79747126846412,2.4167676035672487
안정형,any_loss,3,0.003,0.05,22.413121439156235,-47.79747126846412,31.74808970094636,-43.03133482803012,25.785426073324082,-47.79747126846412,2.4167676035672487
안정성장형,all_loss,3,0.003,0.1,23.1954607612479,-48.96243371116264,33.611896770070906,-45.27970623956646,26.9071148551838,-48.96243371116264,2.412856359252928
안정성장형,all_loss,3,0.003,0.05,23.1954607612479,-48.96243371116264,33.611896770070906,-45.27970623956646,26.9071148551838,-48.96243371116264,2.412856359252928
안정성장형,all_loss,3,0.003,0.15,23.1954607612479,-48.96243371116264,33.611896770070906,-45.27970623956646,26.9071148551838,-48.96243371116264,2.412856359252928
안정형,all_loss,2,0.003,0.05,22.304244129204974,-47.92726146314951,31.406168090826547,-42.66942115235744,25.63835043327982,-47.92726146314951,2.3440292305350963
안정형,all_loss,2,0.003,0.15,22.304244129204974,-47.92726146314951,31.406168090826547,-42.66942115235744,25.63835043327982,-47.92726146314951,2.3440292305350963
안정형,all_loss,2,0.003,0.1,22.304244129204974,-47.92726146314951,31.406168090826547,-42.66942115235744,25.63835043327982,-47.92726146314951,2.3440292305350963
안정형,all_loss,3,0.003,0.15,22.334973735440222,-47.96660777568202,31.74808970094636,-43.03133482803012,25.73133748767944,-47.96660777568202,2.2520704260243662
안정형,all_loss,3,0.003,0.05,22.334973735440222,-47.96660777568202,31.74808970094636,-43.03133482803012,25.73133748767944,-47.96660777568202,2.2520704260243662
안정형,all_loss,3,0.003,0.1,22.334973735440222,-47.96660777568202,31.74808970094636,-43.03133482803012,25.73133748767944,-47.96660777568202,2.2520704260243662
